"Date","Tree","Ticket"
"2019-02-20 11:43","tree bea146209c1faa77f841ed5cb305c2d279f57590 ------","BOOKKEEPER-1919"
"2019-02-20 11:43","tree 2333b7260f76907e7e6ca6c31248b5ab2a9a9628 ------","BOOKKEEPER-1919"
"2017-11-08 12:27","tree c44e58be7dece43beaf1bfba86a95e9f1dfe9b27 ------","BOOKKEEPER-1040"
"2017-11-08 12:27","tree df18839bcb78738c25d2a3b85b79dc8c045476a9 ------","BOOKKEEPER-1040"
"2017-10-17 09:32","tree bbacb5e6df34803012354ea8209545a327f5e5c4 ------","BOOKKEEPER-1062"
"2017-08-16 03:41","tree 757b804f2c609dc779a8daf7edf6896457115fdb ------","BOOKKEEPER-1105"
"2017-10-03 12:31","tree 871a91f5c90bb9c9a61a41032e5622f2c9202ae8 ------","BOOKKEEPER-1106"
"2017-09-16 04:38","tree 9c6090141b78823b6482b42f0266b1164dd27d3b ------","BOOKKEEPER-31"
"2017-08-16 03:41","tree b52e8195c9ca5ee805a84f6a458b2d7c51bf2cac ------","BOOKKEEPER-1105"
"2017-08-16 03:37","tree c1dbb6a2bfb25f9c274079ccf958f255c61d2f42 ------","BOOKKEEPER-1100"
"2017-08-02 00:49","tree 4bcf68828a8046cd18e6babd1a3082f78e34170f ------","BOOKKEEPER-588"
"2017-08-01 08:34","tree 4dba2e3de7a6f79798c80b1d2d606fad0ec621a4 ------","BOOKKEEPER-1102"
"2017-07-28 22:34","tree 93fea7e42efff503c758ae40367f1d870fa16a32 ------","BOOKKEEPER-1103"
"2017-07-28 20:12","tree 5d3a304293cf65684b558038d750d32e9115b86f ------","BOOKKEEPER-935"
"2017-07-28 06:39","tree 1a42c6d5fb7ae01810ed10e836f516c4242f6959 ------","BOOKKEEPER-1104"
"2017-07-26 11:06","tree f6664632b2cae866278cdaa6e3450dfba6acfca8 ------","BOOKKEEPER-1017"
"2017-07-25 11:04","tree de111394cc97be20907b8b9bd08ce7c5a617dbb2 ------","BOOKKEEPER-1044"
"2017-07-20 15:24","tree d4954863251f990ac9dd53c52809af8af20f57ad ------","BOOKKEEPER-1027"
"2017-07-18 10:47","tree decc5497be34ab2b3c0849a17d4aebec48ab1fcd ------","BOOKKEEPER-980"
"2017-07-17 23:27","tree 01b0e4ee75cfaf81d51e3e68b29bc698f2805e16 ------","BOOKKEEPER-1095"
"2017-07-07 08:19","tree b6d9b09654591fb6a01efbc87a376dedbc0f4d57 ------","BOOKKEEPER-1033"
"2017-07-07 05:11","tree e98151a8e437c09a3c7815f472e7f4add1cfc2a3 ------","BOOKKEEPER-102"
"2017-07-04 06:27","tree ba9401aaa89e1c51e917fb22f613a3d50192da87 ------","BOOKKEEPER-772"
"2017-06-30 00:12","tree 9a59988e18f787c00228f160da7a4983f8d2cd2c ------","BOOKKEEPER-759"
"2017-06-28 23:28","tree 592639cb9c2a0fe7d7aedca8c27cb64bcbba1c87 ------","BOOKKEEPER-1086"
"2017-06-28 23:24","tree 22733b7e6ec8bf40046a47f246b8a45d022609ba ------","BOOKKEEPER-1034"
"2017-06-21 21:07","tree 753eadebb59cadf66b45def09b9da9c21bf5221e ------","BOOKKEEPER-1097"
"2017-06-21 21:00","tree 8b0eaea557c38f76bffbb3c8884337f1c30cc7a7 ------","BOOKKEEPER-1092"
"2017-06-21 19:58","tree 4000c3d3e8f66d2ef43d64ad845facefa77aab0b ------","BOOKKEEPER-1093"
"2017-06-21 19:50","tree 5c706e13539ce1a64007f2cc50afa4ca66dbc394 ------","BOOKKEEPER-1089"
"2017-06-12 17:20","tree 119d0a6044d461a0e8a2fee6628b1b2352237cb3 ------","BOOKKEEPER-1096"
"2017-06-10 13:55","tree e076f8cc7801b72f13026e91edb413db37b0a122 ------","BOOKKEEPER-1088"
"2017-06-05 22:25","tree 03c42f4d681db1cd981519f25f32d171940bdb8a ------","BOOKKEEPER-748"
"2017-06-05 22:13","tree e577a16bd6819c71479cc142d8ef97c310549d2c ------","BOOKKEEPER-1088"
"2017-06-05 21:48","tree 99920a485c05889f776ad872f3c4d29de386a534 ------","BOOKKEEPER-1087"
"2017-06-05 20:30","tree d5c2d02280a8d90998b4dfe06fd0ab9481c681dd ------","BOOKKEEPER-944"
"2017-06-01 23:58","tree 56e7d86b61b42f188d1115ea6a697fb587f24bad ------","BOOKKEEPER-1090"
"2017-06-01 22:59","tree a637838806ac40e42419c5b5b6ec5aae8963634f ------","BOOKKEEPER-989"
"2017-06-01 22:39","tree a82a0e92480c40a970a7cd0eaf96874d5a32541a ------","BOOKKEEPER-1086"
"2017-06-01 21:20","tree 16eb4021653eb76fc3686207800167c5350d5785 ------","BOOKKEEPER-1056"
"2017-06-01 13:19","tree 03b85f60f0780e0af4ab770e96f621c73ddd7984 ------","BOOKKEEPER-1074"
"2017-06-01 13:16","tree 7183ed790b8bdd495da855469d1c43aa0186c916 ------","BOOKKEEPER-1085"
"2017-06-01 12:30","tree 3cfc5c70d6f78fdd0d89c3e10ed1fc91b619a34f ------","BOOKKEEPER-1083"
"2017-06-01 11:42","tree 09ac41a3a4286e7601c4b43a33c6f4f07423d1d2 ------","BOOKKEEPER-1084"
"2017-06-01 11:31","tree bd53cb049d6409b506dc8a09b906b633dbbd22c8 ------","BOOKKEEPER-1078"
"2017-06-01 09:47","tree a29b6b84b49c973f8afbfc45e4c2297eab2fffb7 ------","BOOKKEEPER-1071"
"2017-06-01 08:55","tree 9b950a3add4440406096317395f2cdd0d31b9e56 ------","BOOKKEEPER-1073"
"2017-05-26 21:44","tree 216abc6586b1f99b6541d9b20f0def0552483032 ------","BOOKKEEPER-1079"
"2017-05-26 16:52","tree 49cf3761aeeb7efe02d331814c8a733e26bf419d ------","BOOKKEEPER-1010"
"2017-05-26 12:38","tree 8f42c771ee5db9f9c64166f39288cfe7bf3f718f ------","BOOKKEEPER-1077"
"2017-05-25 14:31","tree e9c3131704bcf82d4b30ce4462e495e3adca9291 ------","BOOKKEEPER-1075"
"2017-05-25 14:23","tree 135bfe763d01eba9dc3e2130ec6bbb470ce6b86e ------","BOOKKEEPER-1068"
"2017-05-25 13:31","tree e72b262526a46f59e83339aaabc785c4de9c6456 ------","BOOKKEEPER-391"
"2017-05-18 16:21","tree 9c262c79e496b89e103eb96735fee7dcaa6e58dc ------","BOOKKEEPER-1070"
"2017-05-17 08:57","tree d42b7e76cd66f3d8132587c98fa71a055f3e3adc ------","BOOKKEEPER-1055"
"2017-05-16 13:20","tree 75ec3609c8c4adad877b3cbe19c0d3130fa67936 ------","BOOKKEEPER-1069"
"2017-05-16 00:31","tree 6e967d2e03fc7889d32650d7493c74c8dbe4171a ------","BOOKKEEPER-1048"
"2017-05-15 21:35","tree 113b57dd53d20439a3a781ee1ba6bbe40cca70d8 ------","BOOKKEEPER-1061"
"2017-05-15 21:25","tree e5cec77b5d4bb9a76fb9d0dc2d79d9fec34bb57b ------","BOOKKEEPER-1067"
"2017-05-15 19:52","tree 79301fd6e43643bca7e19a0d8f90f11f6cc95155 ------","BOOKKEEPER-1008"
"2017-05-15 19:32","tree bfad1a88f1c759db05174fb619b824766dfe9f65 ------","BOOKKEEPER-1058"
"2017-05-12 16:39","tree f4b093df6a7a317df49807ad01b8a63d177f1ec3 ------","BOOKKEEPER-1063"
"2017-05-12 15:20","tree 7e1bacfb9a80ae6f93888c68b64ec94c8a8f5f0b ------","BOOKKEEPER-1064"
"2017-05-12 15:17","tree 78eb93e173bad38732377ba9615ce51ebb827f90 ------","BOOKKEEPER-1066"
"2017-05-10 23:17","tree 83626b270e835c9272c10ba5d8d1ab9f4a972c99 ------","BOOKKEEPER-1054"
"2017-05-10 23:15","tree 6ab804944364ba11149d2bc22bc024bbe2d0ad66 ------","BOOKKEEPER-1059"
"2017-05-10 22:47","tree ab2918947a30bddeb14d435f76b01b0a67c7d4d7 ------","BOOKKEEPER-1060"
"2017-05-10 03:17","tree 722501ae96249f0950029f9beffb517ee34b8ee0 ------","BOOKKEEPER-1053"
"2017-05-09 23:07","tree 287e87a020c1d76b6c7e8ffdc7f3f52008cdb8c3 ------","BOOKKEEPER-1052"
"2017-05-09 23:06","tree b338b2e146b7197cb182e80de98ae43f74bd6910 ------","BOOKKEEPER-1051"
"2017-05-09 22:24","tree 5112013b385282d7e89807a7f05aace760956dde ------","BOOKKEEPER-1050"
"2017-05-04 20:58","tree 86939e077f5d55b7fd9fbef3ace4f7acf061764b ------","BOOKKEEPER-1047"
"2017-05-04 20:54","tree 92f4366ccf8465d422b1bb1720a49763bb49f324 ------","BOOKKEEPER-1046"
"2017-05-04 10:27","tree 37172a5ad2233a55e23d9b58ff54b1e3be8e1954 ------","BOOKKEEPER-1045"
"2017-05-02 23:04","tree d7abc89a7c5cca24ef394c6906142a083b2da8da ------","BOOKKEEPER-552"
"2017-05-02 22:07","tree f769b28fd31a7218b7003d428b5653e2f0bec00d ------","BOOKKEEPER-1019"
"2017-05-01 21:55","tree e1137ea0384ed45634389d995226f3993ec42908 ------","BOOKKEEPER-1042"
"2017-04-24 14:30","tree 3a7cd8ae9c6a21bcc1f00c1ab4b1e34ae69dc0bb ------","BOOKKEEPER-1043"
"2017-04-20 19:55","tree 4214744cdbb488eaf79fea116c3b1f8a1e8ba15b ------","BOOKKEEPER-1038"
"2017-04-18 19:59","tree 5b34e69f673a499910421caa0813a9c87a6780e4 ------","BOOKKEEPER-1039"
"2017-04-15 13:58","tree 1d15e074d0f635977af77c2774995e14f9b6ea19 ------","BOOKKEEPER-1018"
"2017-04-11 20:20","tree 3a8f81f8eb814389240692e7c0c3ff81e339d085 ------","BOOKKEEPER-997"
"2017-04-11 20:19","tree defd45728ea7206bf4b275c23d70dd62b86d25f9 ------","BOOKKEEPER-1022"
"2017-04-11 20:14","tree 6373d66c4212c5fb4bcc1b2f3fed93c0d3cc40c5 ------","BOOKKEEPER-1031"
"2017-04-11 08:28","tree 19b4e0458d3198b09e17bb328c00742f4beb4f1c ------","BOOKKEEPER-1021"
"2017-04-04 03:22","tree 8179e3bd52a8c6f6cc21882a325842123d197e8a ------","BOOKKEEPER-1018"
"2017-04-03 21:31","tree 47654ac1545ccff03d4e39b02ebdd99099c94a6a ------","BOOKKEEPER-1018"
"2017-04-03 18:57","tree 8179e3bd52a8c6f6cc21882a325842123d197e8a ------","BOOKKEEPER-1020"
"2017-03-28 22:40","tree 956ac07d30f280bea7e1b3c0ea8e49b7455c3dee ------","BOOKKEEPER-390"
"2017-03-28 22:39","tree 6dde607e510cc49d3426ed9357c5093f4d1e9947 ------","BOOKKEEPER-1004"
"2017-03-28 22:37","tree 2c97b7f92b675bc96be336141b7913ffbda35fcb ------","BOOKKEEPER-852"
"2017-03-28 22:35","tree 5bf5cccebb6da57735683713345b1fa674d461b2 ------","BOOKKEEPER-950"
"2017-03-23 15:59","tree ff9a6e3df1a012d7e21d2c244b1f481365dfadc9 ------","BOOKKEEPER-970"
"2017-03-23 15:58","tree b838e3e85d42cdd9b03894b20108951ae27a311e ------","BOOKKEEPER-1001"
"2017-03-23 15:55","tree 90f35e46a2149d9d3b55fd96d78d6c3974531b94 ------","BOOKKEEPER-1013"
"2017-03-23 00:59","tree 28289d8c5eb6590dcd66c7db89fdb93a80ac3a7d ------","BOOKKEEPER-1007"
"2017-03-23 00:54","tree 72f032f73ef69a56c2495dcc7ccf17c9cd9991f7 ------","BOOKKEEPER-1003"
"2017-03-23 00:51","tree 0141076d804af8e631f576dc7a0d22f1fd9be4b2 ------","BOOKKEEPER-999"
"2017-03-23 00:48","tree 549c20fa3d6e4f01839232573f720d1c6f8d2056 ------","BOOKKEEPER-998"
"2017-03-22 22:54","tree b46bb727e85f81e419601c34543565257135dae8 ------","BOOKKEEPER-1009"
"2017-01-31 22:45","tree 9edfc7566eb75c216a9805cf5d3ea6709dbbe533 ------","BOOKKEEPER-996"
"2017-01-31 04:01","tree ec09df8672ca6bf63684e6f9f462c4cbc95c48de ------","BOOKKEEPER-874"
"2017-01-31 02:14","tree 2fa02bf21dc1841cf5ee5c30087d60dfa24bae55 ------","BOOKKEEPER-959"
"2017-01-31 02:11","tree a2667d5d24000cfe901f09408cec9261c221e0df ------","BOOKKEEPER-968"
"2017-01-30 23:25","tree 70591deca340717c5e403e99c29cb47a7cb302ac ------","BOOKKEEPER-949"
"2017-01-30 21:31","tree d162bd4ff07971824f8f2a3e3b893f9f6288f063 ------","BOOKKEEPER-907"
"2017-01-11 07:41","tree ea870394de4c7f24e3b976a942ae411b6f02c02f ------","BOOKKEEPER-943"
"2017-01-11 07:37","tree bda8986a65a6001ccb881348d710a4c01cb250e6 ------","BOOKKEEPER-991"
"2017-01-11 07:34","tree f02293edf56761b6808ec4dbb3f0b2650d77f265 ------","BOOKKEEPER-992"
"2016-12-21 19:40","tree 48bb4238e581db4c7c092c009b46cb423d98c074 ------","BOOKKEEPER-964"
"2016-12-21 01:48","tree 1868d413d75da93b57ad48616ef10b6956012f43 ------","BOOKKEEPER-986"
"2016-12-21 01:42","tree 01147014a8d231def240e631c9b54b7c1156feff ------","BOOKKEEPER-983"
"2016-12-20 22:43","tree e96269aee28ffda779806a6dd8aa23070c1e7450 ------","BOOKKEEPER-988"
"2016-12-17 02:45","tree bac3c0cacff758d91d8988286b38f9e4e90d1df4 ------","BOOKKEEPER-966"
"2016-12-17 02:44","tree 7e13f864c34bff7a67b14e129bc8b4496c41a28d ------","BOOKKEEPER-946"
"2016-12-17 02:43","tree d0c5a012fbced43ec9424007999f64cc5d58db37 ------","BOOKKEEPER-971"
"2016-12-17 02:42","tree c083aa7d99d881737aa36c38290a9bae78278779 ------","BOOKKEEPER-967"
"2016-12-17 02:40","tree ce414a7ad3924939bf1f5f02df36a77effbc0d51 ------","BOOKKEEPER-987"
"2016-12-17 02:39","tree 61c8d26464b57d1652d6cf01dfc8fd6541dfdcbd ------","BOOKKEEPER-984"
"2016-11-30 00:19","tree 2ab84c2a6856382443ba49469b42d9cb7b0674e1 ------","BOOKKEEPER-97"
"2016-11-30 00:17","tree fce07974a9aae01db840af48f0f2c654a5da1d6e ------","BOOKKEEPER-964"
"2016-11-30 00:07","tree 2ade7f100256f3f3881ae33f61a0979c949ed104 ------","BOOKKEEPER-955"
"2016-11-30 00:02","tree 576abbc73cd40dfa61dc6a3b167acf9f261d5fe5 ------","BOOKKEEPER-948"
"2016-11-18 00:44","tree b9cbaf66aeddc5566aa8a6bf8ebad01870f38cc3 ------","BOOKKEEPER-912"
"2016-11-18 00:18","tree 269232dc148c6711faf1c47e18e7875b5864c080 ------","BOOKKEEPER-965"
"2016-11-12 03:37","tree a70cbc6e0de43ef9edb25e8f0aff4ce5514bacf4 ------","BOOKKEEPER-962"
"2016-11-12 03:35","tree d174ae15ef0041851204da5f05fe24fa1e5360c1 ------","BOOKKEEPER-961"
"2016-11-09 08:49","tree b4da82094d9f1dca6d7211d79f5ac79728052be1 ------","BOOKKEEPER-958"
"2016-11-09 08:44","tree cf84872bc569d3c8b079878dad7a09ded3a185ba ------","BOOKKEEPER-957"
"2016-11-09 03:08","tree 7a0cb48fee8f26022dc168eac24288214b5c6109 ------","BOOKKEEPER-956"
"2016-11-09 03:05","tree 50f8944b496fe2c1748a27a92fa562ba81ff8f48 ------","BOOKKEEPER-903"
"2016-11-09 03:02","tree 1deaa3134f10ff69b99deb44863dc8de847af52a ------","BOOKKEEPER-946"
"2016-10-20 19:38","tree f51f61912b9c841f0fe35a7ac4e798d3aed13c92 ------","BOOKKEEPER-952"
"2016-10-13 09:27","tree bf823000cc2827958beba614671f89cb1de7c456 ------","BOOKKEEPER-924"
"2016-10-13 07:50","tree 67e24ecb59a109277593b9109574114e7615f55d ------","BOOKKEEPER-612"
"2016-09-10 21:01","tree 54ba4de845df52326a791530990cc2886fe5b652 ------","BOOKKEEPER-945"
"2016-09-10 20:27","tree 52b5c1ff5fa401707779487a1612a7f8f03ba866 ------","BOOKKEEPER-930"
"2016-08-16 19:42","tree 96cee4b6ccfb46aab6f1f1ef7ae1f4a6f1185445 ------","BOOKKEEPER-937"
"2016-08-01 08:04","tree 13c72b0dd1a7701f57ce84b339cb6cd9571cde9a ------","BOOKKEEPER-93"
"2016-07-31 07:56","tree 126946e4d21a5ee1aed142f4632375528a62d764 ------","BOOKKEEPER-941"
"2016-07-31 07:53","tree ea2027b7d436abdaff6a04e5dae302244b20ea8f ------","BOOKKEEPER-933"
"2016-07-26 00:22","tree 0b3705ba03739b3a04f84269af8399b421acf365 ------","BOOKKEEPER-927"
"2016-07-14 23:02","tree 942bcd0bf39497232f54b6fec22a012fc4311c4f ------","BOOKKEEPER-940"
"2016-07-12 00:19","tree a38148fe1425e48b5a8a113f71069f94e9de0e75 ------","BOOKKEEPER-939"
"2016-07-11 23:06","tree b3bf883f58f525c5ed51cd709d6d9e7c73788dc9 ------","BOOKKEEPER-932"
"2016-07-11 23:01","tree b51fe1337c79982c6935b47b0cb70b41613f3c24 ------","BOOKKEEPER-922"
"2016-07-11 22:53","tree 4afc908ae4880cb16b37c07555e5a343945a8d92 ------","BOOKKEEPER-908"
"2016-06-09 01:04","tree 6f5452576810556b7fb0d76946c90c3a9bdedcc3 ------","BOOKKEEPER-881"
"2016-05-04 15:55","tree 1b0df4cbd6745d5a1d03589caa1a254739a0da3d ------","BOOKKEEPER-926"
"2016-04-29 05:05","tree c336e182aff1ca26590499f0b92096c8128bc2b9 ------","BOOKKEEPER-925"
"2016-04-27 21:11","tree 654cb3a3a05978fdde638e168647198e861c19b3 ------","BOOKKEEPER-925"
"2016-04-27 10:05","tree fcbf127df5becf0f5998d7849eff0243aec68c46 ------","BOOKKEEPER-921"
"2016-04-27 09:55","tree c65a825214d648e8802e869e612609b3eaf25bf3 ------","BOOKKEEPER-895"
"2016-04-27 09:07","tree 3dfc6be96739d39254b6c858afc41060fe4e1eb8 ------","BOOKKEEPER-920"
"2016-04-27 09:00","tree 0832ca87b8b7d574092b7246fd0f7453ce6dbcc8 ------","BOOKKEEPER-911"
"2016-04-14 00:51","tree 59bf04ef542ff78393db45c27987dc6b92ecc710 ------","BOOKKEEPER-870"
"2016-04-10 05:58","tree 4398e5e5bb1568e1033510114a059121028dd29c ------","BOOKKEEPER-917"
"2016-04-10 05:19","tree 9a25a9679e9f7f12e15c91b47556e593877d2f74 ------","BOOKKEEPER-913"
"2016-04-08 19:43","tree 60f274c4a625264871b6534f6a8b8ab90da4df6a ------","BOOKKEEPER-880"
"2016-04-07 21:39","tree ec9d744c78150bcb10e40fe8c361134aa4c4b3a8 ------","BOOKKEEPER-914"
"2016-04-06 18:38","tree 1e647c85fd3dba34859ffa1a624f0bd56c3407ac ------","BOOKKEEPER-904"
"2016-04-05 21:52","tree 01c7767c2ca5afbcc2b6a523c33cf86495b1c4ab ------","BOOKKEEPER-910"
"2016-04-05 18:47","tree 6c8d8219ddb0f1a366246497acc4800ba7c553a1 ------","BOOKKEEPER-896"
"2016-04-05 08:50","tree c5387783136a5c7ef8c37e34c46d40b125399291 ------","BOOKKEEPER-578"
"2016-04-05 08:45","tree 96d35a1c3ed84c969a61298a281fb785116c430b ------","BOOKKEEPER-901"
"2016-03-31 22:51","tree c762d0457aae30b149b987480ebe2f53b7582915 ------","BOOKKEEPER-909"
"2016-03-16 05:03","tree 16a84cb6e03c76166251b9a5027c8cd92c925d16 ------","BOOKKEEPER-894"
"2016-03-16 04:51","tree 892f02f3827a59501d267b1e796f64dc7fb60163 ------","BOOKKEEPER-594"
"2016-03-16 04:43","tree 02ef5a2fa0c8090e5e410f5804a51ce5a0cf7ff0 ------","BOOKKEEPER-769"
"2016-03-14 06:39","tree 65ecc673097a2220bfb61283e3cca8dae443f196 ------","BOOKKEEPER-902"
"2016-03-08 07:18","tree a2edeada552c98edfcdef8f78f50db19ebafd826 ------","BOOKKEEPER-898"
"2016-03-08 06:49","tree 721240859601a5665403af908739d162e57aeec2 ------","BOOKKEEPER-851"
"2016-02-24 00:44","tree e50681bda13143d397362d69cba867571f7dff07 ------","BOOKKEEPER-841"
"2016-02-24 00:34","tree 6ead082273560e69d7eab2459c538610ad5db772 ------","BOOKKEEPER-897"
"2016-02-23 19:16","tree e3ddc371af9725b87a8fde2babba7bab5e9739d5 ------","BOOKKEEPER-879"
"2016-02-09 08:39","tree 43b03c3435a1c5a94b3d16a31fb234b6c7afc8b6 ------","BOOKKEEPER-891"
"2016-02-09 08:37","tree e95b55ab52be3497c29be2a83e01ee37010b9815 ------","BOOKKEEPER-893"
"2016-02-09 08:32","tree 143fc5fe4da5045e9ac8d07ecef9a2be3e66d985 ------","BOOKKEEPER-886"
"2016-02-09 08:30","tree 14d13a71bbf55398aa392d5fadcc130226910cdb ------","BOOKKEEPER-888"
"2016-02-09 08:28","tree d2ec66a872e12f459bff2985d37e621b638eff76 ------","BOOKKEEPER-892"
"2016-02-09 08:23","tree 0854b340e5f57df01538daa1916fd9f569882e30 ------","BOOKKEEPER-890"
"2016-02-09 08:12","tree 0b1531814d0805976ac00e58db56a09afaca1501 ------","BOOKKEEPER-883"
"2016-02-09 08:12","tree 881d2f575817c9d5869d1b8df3e2a3b11f1afe85 ------","BOOKKEEPER-883"
"2016-01-26 22:11","tree 326589376eb95680d026897e16fe52e812808f11 ------","BOOKKEEPER-855"
"2016-01-24 18:39","tree 9ee3dd8ad9152cbc3425a38be42f2bde13c38ed6 ------","BOOKKEEPER-885"
"2016-01-22 06:19","tree 940ac67d0e4aa5c17dffbef949f3a3c1da914af8 ------","BOOKKEEPER-877"
"2015-11-17 20:30","tree b562e2c67537f7db9b47478cd959e0b328c33a84 ------","BOOKKEEPER-438"
"2015-11-13 07:53","tree ae183cba45a4a736c9f0529154e7f65301d07766 ------","BOOKKEEPER-438"
"2015-10-22 09:24","tree 58edd8f29a314e284af4c924eef634197186a33b ------","BOOKKEEPER-867"
"2015-10-22 09:22","tree d757a091d5304a09db789e3ad47ce0b1370fce06 ------","BOOKKEEPER-867"
"2015-10-16 07:00","tree 74d9e2246526a158cfdc074341fc2228ecabe666 ------","BOOKKEEPER-866"
"2015-10-10 18:38","tree 2ae191fe833fd4351a528524fb239b7192895eaa ------","BOOKKEEPER-872"
"2015-10-06 11:12","tree db39a5a50242d25277cf46b817b3984352f5677a ------","BOOKKEEPER-826"
"2015-10-06 10:48","tree 720cd24e9e8c8d960ea1d65170bb592b69b83b98 ------","BOOKKEEPER-868"
"2015-10-06 10:05","tree 13f6df0d18334c487c4328494540a876a35a070d ------","BOOKKEEPER-862"
"2015-04-21 09:44","tree 3591b683b5ad2be2710b996a4700fa7cdbb07f6e ------","BOOKKEEPER-695"
"2015-09-15 10:38","tree a2dc66d99f2be13da46eec95086f024ef7b9b767 ------","BOOKKEEPER-438"
"2015-09-07 17:58","tree bd0231354bf4571eb9adef58cea6d82854922593 ------","BOOKKEEPER-802"
"2015-08-12 04:00","tree c1e17cc73074e0dee628ce3f7c7842561afbfb71 ------","BOOKKEEPER-863"
"2015-07-28 13:44","tree 0036033eff46901c5933dce28e10df5a927cc0ca ------","BOOKKEEPER-760"
"2015-07-16 08:28","tree 313e5adc4660340e32ed79e31eaed137fa939fba ------","BOOKKEEPER-687"
"2015-07-10 22:48","tree fe95145eecf70b9c147bf0b16471011f0aeed9a0 ------","BOOKKEEPER-796"
"2015-07-07 08:24","tree 366e22223b1b45c1bbdecd9af09f2c97646634c3 ------","BOOKKEEPER-823"
"2015-06-02 08:02","tree ce733bc42448c1a0b9cfb7fed4f8a797dfbb1424 ------","BOOKKEEPER-858"
"2015-05-20 08:20","tree 92f64c6fa4b0a6d5235fdca5b4086f8d27df6885 ------","BOOKKEEPER-821"
"2015-05-20 06:22","tree ff52ba2d7d5dd83cf9980834cb778519e4c488ce ------","BOOKKEEPER-854"
"2015-05-20 06:15","tree 952f5c4cc2f83e2e01e2d65d8b398398f17a3d0a ------","BOOKKEEPER-854"
"2015-05-19 09:42","tree 7111bf777682ae1e7af8a7ef9dc8b17cd74ee57d ------","BOOKKEEPER-835"
"2015-05-19 09:41","tree 831010ea6b326f3ee4e1b1c035321d415a92d077 ------","BOOKKEEPER-835"
"2015-05-19 09:38","tree cf241b62c51835ff1420357dcf62e7f532a95401 ------","BOOKKEEPER-835"
"2015-05-19 09:36","tree a59d2c57651c0ce4bf6bed2bc28f2578a8f76572 ------","BOOKKEEPER-835"
"2015-04-21 10:19","tree d7808faead06bf8fe1da79dba05f155842600f5f ------","BOOKKEEPER-846"
"2015-04-21 10:14","tree e0026229c02725a4e718771d267c107ef0a1526e ------","BOOKKEEPER-846"
"2015-04-21 10:08","tree 17d4311b07c75d4b6e5fe790ad089112e9109338 ------","BOOKKEEPER-833"
"2015-04-21 10:02","tree 47de1d1b43d703f92fdeca563559ccfbec87ca80 ------","BOOKKEEPER-833"
"2015-04-21 09:55","tree 3b79c457c8f4d8925a82fc08c6cde28d549e71f7 ------","BOOKKEEPER-836"
"2015-04-21 09:44","tree 959f2148afa2363432ca732122cdb249f5efcfb9 ------","BOOKKEEPER-695"
"2015-04-21 09:39","tree c168cea0a3f3e80c96fb94d71fdaff76df439a7f ------","BOOKKEEPER-848"
"2015-04-21 09:35","tree dcd11ca0c3f3eb7b4aa7461699cbfc20a0c14ce6 ------","BOOKKEEPER-847"
"2015-04-21 09:23","tree 8f2e7e356bd662625eb572b3c0937e92806cd33c ------","BOOKKEEPER-850"
"2015-04-21 09:17","tree 395b08652beeb2e6d834995141cbd57ff240a4b2 ------","BOOKKEEPER-849"
"2015-03-18 07:41","tree d5e6a3fcf279aebd805a1591d5fcfc34bb71edc2 ------","BOOKKEEPER-844"
"2015-03-18 07:38","tree 24ed75eb0af09f2dbed588904cc773c8af8e5be5 ------","BOOKKEEPER-844"
"2015-03-18 07:36","tree aa52f2ad4dafaac5f57f6cb41c84ab56b7079edc ------","BOOKKEEPER-834"
"2015-03-18 07:31","tree 20763895acb7ae98308342839127d8e6040fb648 ------","BOOKKEEPER-834"
"2015-03-18 07:18","tree 6ab6e5e8d1c801d798d7553f60474c2bf1dfa0ed ------","BOOKKEEPER-828"
"2015-03-18 06:40","tree 42e0f7afdbac4e3e1bf6598eb815640c5ce77b5c ------","BOOKKEEPER-840"
"2015-03-18 06:23","tree ffa094b4afa2e132128306eaec4bc32675565542 ------","BOOKKEEPER-840"
"2015-03-12 08:56","tree 958e2e8b78342a51f7d0e8fb74f05bfdd1cb9246 ------","BOOKKEEPER-831"
"2015-03-12 08:40","tree 1f6ff15eb1d37f360d6208dcd981214a2cd63c63 ------","BOOKKEEPER-837"
"2015-03-12 08:37","tree 76c5238222312c97bb4ecdf3d4b9023679ed2d29 ------","BOOKKEEPER-837"
"2015-03-12 08:24","tree 3b43126118a16d20d307dab21f727c6ee52c08d0 ------","BOOKKEEPER-839"
"2015-03-12 08:21","tree 6e99e3b2704fbc7be7d00f09b8b8454a6bfb3100 ------","BOOKKEEPER-839"
"2015-02-23 08:19","tree a62e6f43d5369ba2d5f921f48a86968ecb3b7eff ------","BOOKKEEPER-838"
"2015-02-23 08:11","tree 018143b48fa8632ed8cbb5539bdc21e8547894ca ------","BOOKKEEPER-838"
"2015-01-19 22:01","tree ed13dad34ea688513ac2643bda32e8f6e33f405d ------","BOOKKEEPER-830"
"2015-01-16 15:57","tree beb6378c05394a980400d33352067f250983698f ------","BOOKKEEPER-82"
"2015-01-13 13:06","tree dfaee1f304fba76b6aef2d727aa2b139cb079889 ------","BOOKKEEPER-634"
"2015-01-13 13:06","tree 3db6425ba6049cb5ac6e6c8870cc81f5d02dc937 ------","BOOKKEEPER-634"
"2015-01-12 15:18","tree 5877ad37bff714d3578b57d35508949483f2800a ------","BOOKKEEPER-832"
"2014-12-12 12:14","tree 5d2b27a22277d2084fe0bcaf59ec496a41e06df9 ------","BOOKKEEPER-803"
"2014-12-12 12:09","tree b9e62edea6e82c00a3af0d8e7e64d66416d72fcb ------","BOOKKEEPER-801"
"2014-12-10 19:43","tree 963a40558a9d22b661d421d9055690beb2c13862 ------","BOOKKEEPER-814"
"2014-12-10 19:43","tree 05768d7014b80df4256e071c36c649040bb0f57c ------","BOOKKEEPER-814"
"2014-12-09 19:57","tree 7481b68b21855d70cb26a3e1db27e938a251e031 ------","BOOKKEEPER-795"
"2014-12-05 17:51","tree e530dc9b63bd551faf62ee6c38cb104a36d3a8f4 ------","BOOKKEEPER-799"
"2014-12-09 19:57","tree 09619de58eec79c69c4a964f73e3b0d300abd5c8 ------","BOOKKEEPER-795"
"2014-12-09 19:57","tree 7c63196b4e43b7e553182be81be6ff5e13bf07bf ------","BOOKKEEPER-795"
"2014-12-06 08:05","tree 28ba031e6a48459482863e503e720588e54968f5 ------","BOOKKEEPER-811"
"2014-12-06 08:03","tree f1666ffb93be1e463a7a33fc47d2e66a84215d90 ------","BOOKKEEPER-811"
"2014-12-06 07:56","tree dcf60aff2076aa69aa857b10a7dd2fcfe0254b36 ------","BOOKKEEPER-810"
"2014-12-06 07:54","tree a0a6a0ed5777a972f3ead50f5c41004361727a5a ------","BOOKKEEPER-810"
"2014-12-06 07:49","tree 5b6ce29ea4d847d8f7739e8cbe15c8f62d829a37 ------","BOOKKEEPER-813"
"2014-12-06 07:47","tree 9c45487ab72f24742b8314bce7fef9549a68d0f6 ------","BOOKKEEPER-813"
"2014-12-06 07:42","tree 11de5450a1c6117bd8c41dd4ef08659f87fe2f99 ------","BOOKKEEPER-804"
"2014-12-06 07:38","tree 2f24ef83e5954bb382d204b71e44b65f756d4f8c ------","BOOKKEEPER-804"
"2014-12-06 07:28","tree 3e78deca67502436680739bd28c92b92bebab6a2 ------","BOOKKEEPER-820"
"2014-12-06 07:26","tree 36b36c3c0dae41c6aaab5e3ac61ebb103b0663ac ------","BOOKKEEPER-820"
"2014-12-06 07:13","tree a47bd24c04479cc77c4b3ea857a04f831169d6ae ------","BOOKKEEPER-809"
"2014-12-06 07:12","tree 70b7ada326f28d27af793d54c2e527a17e402113 ------","BOOKKEEPER-805"
"2014-12-06 07:11","tree cb78c1445ee351579fe6a35c9d4696fe3d5b4dde ------","BOOKKEEPER-805"
"2014-12-06 07:09","tree 84b8a66a0677d9bdfb3f5e3f76e10d91d3c32e87 ------","BOOKKEEPER-809"
"2014-12-06 07:05","tree 4cffd2c3847e014451a1cbeda77227082e88cd48 ------","BOOKKEEPER-809"
"2014-12-06 06:59","tree c22f402d6c7853635f8042a351f01e09069daa1c ------","BOOKKEEPER-805"
"2014-12-06 06:54","tree 69a4e4c9a0b46415e6c2e8aeec1fa0e3f1844116 ------","BOOKKEEPER-805"
"2014-12-05 17:51","tree 1d1a9675702cf0f24849d3075f5ca0c99291dc29 ------","BOOKKEEPER-799"
"2014-12-05 17:51","tree a0b5fad6c793002630998ccf46c5bc3bb8fd8cf6 ------","BOOKKEEPER-799"
"2014-12-05 14:10","tree 26f8bc72c8cb532ef68784d1a63314341a119cf8 ------","BOOKKEEPER-800"
"2014-12-05 14:10","tree 0c6eff3da193e45efdcee77ccc1b94ad909763a3 ------","BOOKKEEPER-800"
"2014-12-05 14:10","tree 1d589756382f37a39a85af4578990b7ab9529b51 ------","BOOKKEEPER-800"
"2014-12-04 12:28","tree a5c6a41d02d0848efbd48d93279153751e94e7df ------","BOOKKEEPER-815"
"2014-12-04 12:28","tree 62fedffea639071bf5d41514aef26e36b798dc83 ------","BOOKKEEPER-815"
"2014-12-04 12:28","tree 3bcf2629f67cfef964d7345dbdd0426767714f9d ------","BOOKKEEPER-815"
"2014-11-19 18:00","tree a214d88c83949d1aea0062e469803af5cb464448 ------","BOOKKEEPER-797"
"2014-10-15 07:27","tree cdece91b20ed75bf814a98056b0ced713a987748 ------","BOOKKEEPER-793"
"2014-10-08 10:43","tree 3b22b005a758b3c811347ddf4272c5336353d634 ------","BOOKKEEPER-789"
"2014-10-08 10:41","tree aec28550ffbccbb12f76f0027104bdd499239561 ------","BOOKKEEPER-790"
"2014-09-29 16:29","tree 4a202b0ee67ea0809efbbe3a6f78c58b86b3ca2e ------","BOOKKEEPER-773"
"2014-09-23 17:53","tree e32161c852941e52259d0cda716be2e7035dbf61 ------","BOOKKEEPER-787"
"2014-09-22 12:11","tree 84ab16ad4e13df6c4cb8e91d9732e3b48c20fcb2 ------","BOOKKEEPER-786"
"2014-09-18 06:57","tree 1e2037712e927654eab4f912586c244f51f5764d ------","BOOKKEEPER-782"
"2014-09-18 06:53","tree f550195f97d1428d45776989b7298ff27889ad0f ------","BOOKKEEPER-784"
"2014-09-18 06:47","tree 79151a5f7ca8980ec6f32ccd58c127d8368315ac ------","BOOKKEEPER-785"
"2014-09-17 16:32","tree 58919cc76ab9df32c27ec078a8be67460b0520ed ------","BOOKKEEPER-783"
"2014-09-11 00:41","tree 4815d61e2601c872c2054d283f6338e3791ac9f7 ------","BOOKKEEPER-775"
"2014-09-09 12:40","tree 26e371ae4f6f369fc133e0047db807625898368b ------","BOOKKEEPER-776"
"2014-09-09 11:03","tree 5726478141815aa0975f8644842182d966b11f90 ------","BOOKKEEPER-781"
"2014-09-09 05:57","tree db2663f57ac7db9042a38318ffe7ba22060764b2 ------","BOOKKEEPER-778"
"2014-09-06 07:58","tree 8f941e722790e145726db0ad505c750cad8b6323 ------","BOOKKEEPER-736"
"2014-09-06 07:51","tree 1bac5d50ce5d98e7133c7cbfbf5095ca3f7f9e7f ------","BOOKKEEPER-718"
"2014-09-06 07:27","tree 419bc810b2d3d011efc5e9a70dfbbae487973b35 ------","BOOKKEEPER-779"
"2014-09-06 07:13","tree b0609b8b5e5d3ccef6ae0d93f002efd5755795db ------","BOOKKEEPER-777"
"2014-09-04 23:49","tree 58d7f8da82f43d3f27b1cfb7df27ef7e45b29689 ------","BOOKKEEPER-780"
"2014-08-19 10:32","tree 7ade001338a80cd9b191a1a55a6d11cacfb02724 ------","BOOKKEEPER-704"
"2014-08-18 23:03","tree f90bea53214cda44705431243cc3c99f96fc1bc4 ------","BOOKKEEPER-630"
"2014-08-18 23:00","tree 3b362c62c00a7277182ac8d8feeec09d4ed5bd3b ------","BOOKKEEPER-704"
"2014-08-14 08:15","tree 54068cbff5cad0ecf2c63aba8f4af47121c3eef5 ------","BOOKKEEPER-774"
"2014-08-06 06:48","tree bfd06cffa13e6aad5f9de2cebdcfd6b4005d4b1c ------","BOOKKEEPER-697"
"2014-07-26 08:51","tree eb3d529171231dd617cb8662d41bb902f4a3ce8f ------","BOOKKEEPER-582"
"2014-07-25 00:34","tree d83d0e5168bb347efae558c4af8eb106a74d083b ------","BOOKKEEPER-582"
"2014-07-24 01:41","tree d6326435122e5b8fb124f603eb94e5c8382c4a00 ------","BOOKKEEPER-739"
"2014-07-15 09:09","tree c5851aff651d8e627aa2d7b3c7127e9981e04432 ------","BOOKKEEPER-768"
"2014-06-10 12:04","tree cb1aebdb310ab79939380bd1caf9dbee1ec772ef ------","BOOKKEEPER-765"
"2014-06-10 12:01","tree a993ecd52afc91703df176727a9b7515c4be9037 ------","BOOKKEEPER-76"
"2014-06-06 15:32","tree d0ac18050d1d0bb70bd2e7586b616b1217d779d7 ------","BOOKKEEPER-767"
"2014-06-06 15:29","tree 3a2c7733cb0f2022f8039e945cd780eaf3f2e15d ------","BOOKKEEPER-767"
"2014-06-05 12:56","tree e966490e3ddf371d9009412026d2c0be971d2027 ------","BOOKKEEPER-766"
"2014-06-05 12:53","tree beadec09bb5c3b3894fd6580511b4768cca36e04 ------","BOOKKEEPER-766"
"2014-06-03 16:48","tree 6e641a205736149a49b7aee167b6d3a78fbb5a87 ------","BOOKKEEPER-750"
"2014-06-03 15:50","tree fc3660254d091d9498260d4449e213af13020770 ------","BOOKKEEPER-725"
"2014-06-03 13:56","tree 0617435fef94cb5d2ffbd71d0001ad7674f58e7f ------","BOOKKEEPER-746"
"2014-06-03 12:35","tree f724534511c12a86b1847d552c964ec711f3f83f ------","BOOKKEEPER-746"
"2014-06-02 17:54","tree df68d577fa9f21edec0cbc080271bb841c44974a ------","BOOKKEEPER-745"
"2014-06-02 11:54","tree f53e37605d2c0ea391eeb3e5bb9976710a2328f7 ------","BOOKKEEPER-745"
"2014-05-30 17:41","tree 4b59927270fe939c01088a16c283c16b64e178f4 ------","BOOKKEEPER-751"
"2014-05-30 16:32","tree 6402692290d0429bcc736b7fadce55336eeac739 ------","BOOKKEEPER-673"
"2014-05-30 15:07","tree 1af0ee3ef25c2d438f11c88b629e903cdeafdde5 ------","BOOKKEEPER-751"
"2014-05-30 14:01","tree f1386f7530cb4c522aa18146e5680575df066096 ------","BOOKKEEPER-758"
"2014-05-30 12:41","tree 7f0c3cdd67ad7b1c18825b35a471fa968ce038e6 ------","BOOKKEEPER-763"
"2014-05-27 13:56","tree 54478650ccc7acd747f50d16d198ac1e5242dfe3 ------","BOOKKEEPER-756"
"2014-05-27 12:52","tree 3138441632673a2fc1441ecccdcf1ebe7fcdd474 ------","BOOKKEEPER-752"
"2014-05-23 18:48","tree 959bdd5a32ad5ef9034b5243afe49fb3eef4328b ------","BOOKKEEPER-750"
"2014-05-23 18:46","tree c8bb61438abab86d0884383c865f5ae451490aa0 ------","BOOKKEEPER-750"
"2014-05-15 00:43","tree 3b39505f21b46bd1d3917569597d9f47f8a58d45 ------","BOOKKEEPER-755"
"2014-05-15 00:41","tree 5bfc21b2660ebaa224caf0e953309976295f7068 ------","BOOKKEEPER-755"
"2014-05-12 08:35","tree 28d095928bb8ab88587c96bf6b4272e99470d21a ------","BOOKKEEPER-747"
"2014-05-12 08:10","tree 6c5ce9abc6c00cc9bab42dd1425301273f68fbd2 ------","BOOKKEEPER-747"
"2014-05-09 14:04","tree 8bba00d437cf64434f54ebea8b1508c6da8176f3 ------","BOOKKEEPER-629"
"2014-05-06 15:13","tree aab47b53ffca8ea1a6b7162cdbe2d01854aaf6ea ------","BOOKKEEPER-744"
"2014-05-06 12:40","tree e24bb024196859f12f61bb4cf7f13b1414566896 ------","BOOKKEEPER-744"
"2014-05-06 12:30","tree d259c1be237ff2b7ec2ad0d884708f0654427c9f ------","BOOKKEEPER-744"
"2014-04-29 22:07","tree 16d9381f583def0d10809b7f56feafe103be85b3 ------","BOOKKEEPER-716"
"2014-04-24 14:44","tree 5573562227b3fd5a74f12d05e46d74265ab9bfbd ------","BOOKKEEPER-743"
"2014-04-24 14:44","tree b3f0980d2994d822c4b6ae706c2e38c60c2e04db ------","BOOKKEEPER-743"
"2014-04-24 13:40","tree d39fd842b4641d813b63d26dbea3bdb96cf6eb82 ------","BOOKKEEPER-742"
"2014-04-24 10:43","tree a3388554156e41450cafa0b8694a4fd9608b06c5 ------","BOOKKEEPER-742"
"2014-04-12 01:34","tree b8ed0deb271e0d40bceb2d47b113191e354a41d7 ------","BOOKKEEPER-710"
"2014-03-12 21:26","tree 8e7167794c9e510931d198e245caf85db8bba10f ------","BOOKKEEPER-432"
"2014-03-10 03:14","tree 25eae68d6a3efe4bed6cf066ae5ce6192abdbfde ------","BOOKKEEPER-740"
"2014-03-10 03:10","tree bbe92584abd943b54637c1ab5568342f62cd6c0e ------","BOOKKEEPER-726"
"2014-03-10 03:07","tree c5009dcd569b77d372cbd62dbd7ded67cd9f6f50 ------","BOOKKEEPER-714"
"2014-03-10 02:58","tree 35369cdd03666d5bdb74abe87557ae025b6b7291 ------","BOOKKEEPER-602"
"2014-03-07 19:05","tree 6a140736e5e1705b2351d0d3ad6af0bf26f80b55 ------","BOOKKEEPER-730"
"2014-03-07 18:54","tree f5133b300b2337da16e2739b0fd9aa2b1d2e6d3d ------","BOOKKEEPER-708"
"2014-03-07 18:39","tree e7a8aa33d120d8ab80e2fe3543d8fb11a105783d ------","BOOKKEEPER-363"
"2014-03-07 13:34","tree 11bc13257b10ca7a536837e2a9484a6da1b73b9b ------","BOOKKEEPER-730"
"2014-03-07 13:30","tree 174d506138d4b8ba0545c595e09c6f02ea954eab ------","BOOKKEEPER-715"
"2014-03-07 13:14","tree 3ea36a4addb1af729b6f0ac2e4ebe87bf7f1197f ------","BOOKKEEPER-717"
"2014-03-04 09:20","tree b89b1f66fa8220081ea9e2819656a0bc817381a0 ------","BOOKKEEPER-688"
"2014-02-21 19:01","tree 4cdc5225d81aafa5d3ccceffb1d14590b5a873c2 ------","BOOKKEEPER-654"
"2014-02-10 06:53","tree 1a22db273fb8b82e4d6c788b2e8c96fa21470422 ------","BOOKKEEPER-731"
"2014-02-10 06:52","tree e3a5830301cafccf07237d08d0f0397c9e5cafa7 ------","BOOKKEEPER-732"
"2014-02-06 12:32","tree 4bc6cf52b4280feb9fc352a4511451355850d3ec ------","BOOKKEEPER-724"
"2014-02-06 09:34","tree bbea7388b2e9980feb48f8a38c4fdf48148160a3 ------","BOOKKEEPER-726"
"2014-02-06 09:31","tree 9c2464b187d02bfefdbb6b84ae518442db3e8cfa ------","BOOKKEEPER-725"
"2014-02-06 09:25","tree 61d48e7d6a6f7e0cd53617279a26d28d0db02332 ------","BOOKKEEPER-729"
"2014-02-06 09:21","tree fd30efde2586f21da0f7cbc36ef5e5c0e1b4b4b6 ------","BOOKKEEPER-728"
"2014-02-05 22:52","tree 545db74db578bdc3404942c3e190ed8573867609 ------","BOOKKEEPER-727"
"2014-02-05 22:43","tree 223e727d17c627b8503f75e322450364cc081bbc ------","BOOKKEEPER-644"
"2014-02-02 06:33","tree 2f141a039ba2c62f034b102bef211ba7c7cfd95f ------","BOOKKEEPER-708"
"2014-01-24 09:26","tree cabaf160983765e348e05f21dcb84e998ac8b602 ------","BOOKKEEPER-703"
"2014-01-22 14:35","tree 66fb4b29882c7294e181f79fd3bd92fb2eac2ff2 ------","BOOKKEEPER-643"
"2014-01-22 07:37","tree 0f30405e791916799e4512fa6cc367da9192eb02 ------","BOOKKEEPER-720"
"2014-01-21 17:26","tree 32c648d0b6dde3685792d19e27aaf0c35a39c2e5 ------","BOOKKEEPER-661"
"2014-01-21 16:41","tree 3da582cefc1fca4e283c94a17c39f217eb38843c ------","BOOKKEEPER-719"
"2014-01-21 05:19","tree a24158365e07fe9910cbcadc530dabc6b0e307da ------","BOOKKEEPER-696"
"2014-01-21 05:05","tree 71934c18ea057ace4ff08fcf22be27c0102dd78b ------","BOOKKEEPER-429"
"2014-01-17 18:13","tree 3d2a940492746fdab9bde11cc33a9f88df9159e7 ------","BOOKKEEPER-710"
"2014-01-15 15:58","tree fcfa206229217b0ca6183731b8090307c3123845 ------","BOOKKEEPER-662"
"2014-01-09 07:30","tree 6f27922d9b0e252e514700192c3b3f2e0cf33cac ------","BOOKKEEPER-714"
"2014-01-03 18:12","tree 374efa0912694ca04f745e844031d4a6a498d7d4 ------","BOOKKEEPER-709"
"2013-12-06 07:39","tree 956efc2d5d517e160feaab3b2d2ff95f3c474229 ------","BOOKKEEPER-701"
"2013-12-05 07:43","tree c6cbe95db7532cbee504b40e6edbadc104e4590e ------","BOOKKEEPER-712"
"2013-12-05 07:41","tree 42000d5b05f7ae50dc47287eb2eede9da501e7d3 ------","BOOKKEEPER-711"
"2013-12-05 07:35","tree 155af3b650c356bc32e587aa52720520e67c50e4 ------","BOOKKEEPER-712"
"2013-12-05 07:33","tree ba776ffc342a66a94fed70e7bcceee1444a3c53d ------","BOOKKEEPER-711"
"2013-12-02 18:45","tree 7239e3019c48d73e0a15078affeca281e82da06f ------","BOOKKEEPER-565"
"2013-11-22 10:40","tree 265fcb6292be46acdb6aac0a8cd919fded8017c2 ------","BOOKKEEPER-678"
"2013-11-09 19:49","tree e6197d9308d96c8f4dfdfd38ac387a5d0454fee6 ------","BOOKKEEPER-699"
"2013-10-30 16:23","tree 407b088fe8cc67e6360f8a56228a72349a331b3d ------","BOOKKEEPER-700"
"2013-10-30 05:59","tree a32584dbef82eff62f3193985abc1a12faed3af5 ------","BOOKKEEPER-698"
"2013-10-29 10:58","tree c7cc1a3407d5c57f0ba9b25c95669aa318c11060 ------","BOOKKEEPER-615"
"2013-10-29 10:08","tree 4937ab50d9fb238a0c92ce8b1f1e603177c50cf1 ------","BOOKKEEPER-614"
"2013-10-29 05:14","tree dbad826dbd34a3e9be25c2efdb4d51c4754f4d88 ------","BOOKKEEPER-602"
"2013-10-22 16:21","tree 0fdd91807a28bf458a476a4e83cb884d6a36989d ------","BOOKKEEPER-659"
"2013-10-22 07:44","tree 92133aaccbff38a5ec7c5d53a0dc11027494a654 ------","BOOKKEEPER-664"
"2013-10-22 07:35","tree 6108a2b0546199dbdae765c9d6f03ef47a294ddc ------","BOOKKEEPER-688"
"2013-10-14 18:32","tree 43f82fad414259c4ccb0ccb90a4696475c8b6f23 ------","BOOKKEEPER-673"
"2013-10-14 17:38","tree 31159222716de7454c6d40d162f071d7538ca956 ------","BOOKKEEPER-676"
"2013-10-14 16:43","tree d1d906c398d6f70adb141ed4941583146a7bfbd2 ------","BOOKKEEPER-605"
"2013-10-12 05:43","tree 7ee1a1a6cea863f811382c0086ac9c6578483d30 ------","BOOKKEEPER-657"
"2013-10-12 05:42","tree 2e8f913c6b740b2e679ef53d140fcc34081a0d3b ------","BOOKKEEPER-657"
"2013-10-11 16:18","tree 52d711b92305da2107157e4b1f02081c0cc8190f ------","BOOKKEEPER-638"
"2013-10-11 08:36","tree 8c6e629b9b46c5b466892dfcac1d802b5477fc3a ------","BOOKKEEPER-658"
"2013-10-02 11:52","tree f049e4740c2a2618639c3d0c1d8f4c68c8e281be ------","BOOKKEEPER-685"
"2013-10-02 07:01","tree bdd19148d01e2d526b102178891f2dbde9b6b095 ------","BOOKKEEPER-686"
"2013-10-02 06:54","tree a1cf823f5e7eac140e13e12e07c01312080cc58c ------","BOOKKEEPER-645"
"2013-10-02 06:40","tree f2029bf086d12f39d05f54262b427a189c7dd9c6 ------","BOOKKEEPER-666"
"2013-10-02 06:23","tree a61fed8538543c9b037e680042d3e10a705ccdce ------","BOOKKEEPER-640"
"2013-09-27 11:37","tree d9d149d6afbdbb6bba348d8d46325628c9fffa75 ------","BOOKKEEPER-683"
"2013-09-27 11:20","tree 211c92d85c84abce1dceb8d5811bfdae5328acac ------","BOOKKEEPER-683"
"2013-09-19 23:16","tree 7fb99c80b0fa11c9d09c182891fd9fc91b41b464 ------","BOOKKEEPER-684"
"2013-09-11 00:34","tree 68d3938f83ff50a377bdf2e7bde951b27a2f5802 ------","BOOKKEEPER-675"
"2013-09-10 23:35","tree 451c471b4e9954a7c54d8bf0dd021758acba8962 ------","BOOKKEEPER-627"
"2013-09-10 22:13","tree 582114bfe161b06be85a80504b7bc48a6be554ed ------","BOOKKEEPER-675"
"2013-09-10 15:14","tree 767838f3a63010b61a246903d44ab2a5c7b95cdd ------","BOOKKEEPER-446"
"2013-09-10 15:13","tree 781ea762c2596c8302b6c95e7a7a7c3f201f69e4 ------","BOOKKEEPER-446"
"2013-09-09 18:00","tree 41a79a5c43b5213b79b6137f082116c7d3f720f6 ------","BOOKKEEPER-669"
"2013-09-09 12:29","tree fdca928cf2621ac7bbf0be070a6b044b08d0a950 ------","BOOKKEEPER-679"
"2013-09-09 11:54","tree 68d234fc39d1e7e9cc05962c3bf623591d31a4f3 ------","BOOKKEEPER-664"
"2013-08-23 19:20","tree cc567d06c2381404e7aa8d8645ad66fe5b0db3d3 ------","BOOKKEEPER-580"
"2013-08-23 18:48","tree 366186621270df810631d6dae621afd211646e9e ------","BOOKKEEPER-580"
"2013-08-22 17:15","tree cf5af84a61d4bb28d026650c53ddab97bee9fd8c ------","BOOKKEEPER-649"
"2013-08-22 16:40","tree 10d6358499dbbd11b7a55f7fdc8187b14628138c ------","BOOKKEEPER-649"
"2013-08-21 15:54","tree 0cabae669cfd7a6713886349423e53f3ffeaf310 ------","BOOKKEEPER-632"
"2013-08-21 13:19","tree 560d294720e17e27908b65b6c4fb3b43274e881e ------","BOOKKEEPER-632"
"2013-08-20 14:07","tree 230b25c425233063aca2828a49d0b45672231b88 ------","BOOKKEEPER-660"
"2013-08-20 13:02","tree 9b357a921d6cfbaeac490259af80fde9edce0000 ------","BOOKKEEPER-624"
"2013-08-20 13:02","tree 15e0cd7817f8a111ec48641deb0ae4a7f521199d ------","BOOKKEEPER-624"
"2013-08-20 12:51","tree 3d3c9546d399234aaaa92abd6bab59f8c20efc64 ------","BOOKKEEPER-668"
"2013-08-20 12:50","tree f680042189cc9e2b04098c640da63b29b6f86dd9 ------","BOOKKEEPER-668"
"2013-08-13 15:01","tree 632c7a35166c68fab0f03db997d1a1fff5692930 ------","BOOKKEEPER-667"
"2013-08-13 14:32","tree fa865c5567f6c52d7ef685c7ff2ebcc705bf56cf ------","BOOKKEEPER-667"
"2013-08-12 19:26","tree cc27d69c54cad8db3281077b056e0902c15e8cf1 ------","BOOKKEEPER-604"
"2013-08-12 19:01","tree 7c983a2b4a504685ce434be4e348f65c5b5a6f2b ------","BOOKKEEPER-604"
"2013-07-29 14:22","tree 883a3a629f41a801f15533bb70a7f14d06c4ea24 ------","BOOKKEEPER-663"
"2013-07-29 12:30","tree 821c7d41d5b45bdb665e8cc08665776be4179e03 ------","BOOKKEEPER-663"
"2013-07-24 16:56","tree 1a16790ed044497d351111f099dc2fef418221e4 ------","BOOKKEEPER-642"
"2013-07-24 16:55","tree 7a805d6376b6995a806c22dfa7ee862e0d6a8c8b ------","BOOKKEEPER-642"
"2013-07-24 16:14","tree aa1bfc59e2834112ab372f6baa359c077078233b ------","BOOKKEEPER-653"
"2013-07-24 14:16","tree ea38298b64fbf36540bf8cdbed0b7cf420b9b7d9 ------","BOOKKEEPER-625"
"2013-07-22 19:18","tree 197ba5e8e59d3d88b4c77665201536341c0ff73c ------","BOOKKEEPER-607"
"2013-07-22 18:03","tree 15e9b2f72abe87489654354a7b3ee64e16112735 ------","BOOKKEEPER-607"
"2013-07-20 20:31","tree ca37d15463c006ebddcd047afc16a6d1f70b69ae ------","BOOKKEEPER-652"
"2013-07-20 20:30","tree 0683da9f672c940a018fe430d5b25f5eaff53dd0 ------","BOOKKEEPER-652"
"2013-07-20 20:27","tree ce4bb6494106c1100fe9b627c80569358004e389 ------","BOOKKEEPER-646"
"2013-07-20 20:24","tree 8c63e4f90bd08e04752fc9c6b633b56636325888 ------","BOOKKEEPER-646"
"2013-07-20 20:18","tree e89500e406d9bb5580fb70a858fa5d6e79c09cfe ------","BOOKKEEPER-635"
"2013-07-20 20:16","tree 76928dea111afd057810db4906ef95b268e33f31 ------","BOOKKEEPER-635"
"2013-07-20 20:13","tree 1f79676c8299d06facd4e87f10a1ae383fd68ed7 ------","BOOKKEEPER-621"
"2013-07-20 20:06","tree 5380345e4065d4650eb4856a47f355f82a9554b1 ------","BOOKKEEPER-610"
"2013-07-20 19:59","tree 25e8185a75491308ea636679f60b88448f1c2987 ------","BOOKKEEPER-563"
"2013-07-15 01:02","tree 3dc3e5543a87583194d4991c22a91cd555a9510e ------","BOOKKEEPER-600"
"2013-07-15 00:55","tree 203dfd257a6f5c953f398e0a1dba1c673e9fe55a ------","BOOKKEEPER-600"
"2013-07-13 17:52","tree 627763e1c94d17e774c012a7e931461e10fb7295 ------","BOOKKEEPER-601"
"2013-07-13 17:23","tree 356561c904ba64a767d779398fa9e20ce4f41fff ------","BOOKKEEPER-601"
"2013-07-13 02:02","tree 01353e887819826e624fa8da894f40eba205ec35 ------","BOOKKEEPER-618"
"2013-07-04 16:50","tree 37223b561246d4dc8ea41137af2109a032f45db6 ------","BOOKKEEPER-636"
"2013-07-04 14:01","tree e79ff2eb54f0e4bee6f86cdf3f7d904b871c2ad9 ------","BOOKKEEPER-636"
"2013-07-03 17:39","tree b11dd61231791fe65d0bbd88bd7657ac04407a09 ------","BOOKKEEPER-641"
"2013-07-03 16:52","tree 45ae2f6e1ab261b03442d768647bbbcb8a7a3285 ------","BOOKKEEPER-257"
"2013-07-02 19:47","tree 13b69c4376fcdf8fba03dbf5c0114bf1ef841e5a ------","BOOKKEEPER-637"
"2013-07-02 19:41","tree 09ff75fd0e69613d56e5fb6b70eb5c63fbf2467e ------","BOOKKEEPER-637"
"2013-06-28 17:59","tree fbf148576163ce98b39c0047b7ebf221754730db ------","BOOKKEEPER-620"
"2013-06-28 17:27","tree f2c37c797923056f70b47848546c7ebf18fbd184 ------","BOOKKEEPER-620"
"2013-06-26 03:45","tree 320b4df9e93663321e880e88de5f657f46736256 ------","BOOKKEEPER-623"
"2013-06-26 03:35","tree 4c0782473dae9508d9737ce86db8b61d5079614d ------","BOOKKEEPER-633"
"2013-06-26 03:27","tree 086c6c3ce462566657f9e10a94ead731c50cc569 ------","BOOKKEEPER-623"
"2013-06-21 19:42","tree ed052621ebe0f6e8ec2bdc05625676423c165289 ------","BOOKKEEPER-584"
"2013-06-21 19:42","tree 4e06c1176aa323dd5158fc28faff7fdc6f5c7402 ------","BOOKKEEPER-595"
"2013-06-21 19:34","tree 900158f5d3866dd76af0b5af40ae35185fc09d03 ------","BOOKKEEPER-313"
"2013-06-21 19:26","tree be3055f2a9cc4969c0e94ec5479d6adf00eec492 ------","BOOKKEEPER-313"
"2013-06-21 18:55","tree ed4f680277b9621546974e32077a6f5c89e6c7be ------","BOOKKEEPER-619"
"2013-06-21 18:51","tree cfdf97e58fa188d30c11c6830a8f08fcb3618087 ------","BOOKKEEPER-619"
"2013-06-15 19:05","tree b5fcc31ee0fd2641043e244371bbb90feffb6339 ------","BOOKKEEPER-618"
"2013-06-15 17:08","tree f0726198430f5b7e79ec145712ea6b92d5834f7b ------","BOOKKEEPER-627"
"2013-06-15 16:56","tree 16dd5fe3e462a9ec6e9e6fbd0657e1897bdde560 ------","BOOKKEEPER-626"
"2013-06-15 16:53","tree c1c22f93e3e5febc41436a94e4d9d7d9ed83af0b ------","BOOKKEEPER-626"
"2013-06-12 20:19","tree 435253f1616be4892af5372eb35c893b4e450158 ------","BOOKKEEPER-562"
"2013-06-12 18:41","tree 8669f4bd48d495972be15c430a9f2df6479fe9ac ------","BOOKKEEPER-592"
"2013-06-10 10:29","tree ba4142b9b050da738a62b270c490d3d0101c2b7b ------","BOOKKEEPER-577"
"2013-06-07 21:42","tree a4cddfe0b7826621b472e02986432e0e5004e47c ------","BOOKKEEPER-584"
"2013-06-07 19:00","tree 97c6286aab9a777f252c55c1450b9acbaaf5ba6c ------","BOOKKEEPER-603"
"2013-06-07 18:56","tree 52ba16ac503dba1bd0936c7ac78daac5177ce5ac ------","BOOKKEEPER-598"
"2013-06-07 18:46","tree df074c69017f065f762cd8c009a7841307b02a7b ------","BOOKKEEPER-596"
"2013-06-07 14:13","tree fcf49ec2216ce74bc43f49349e49cac72b9fc469 ------","BOOKKEEPER-595"
"2013-06-07 12:44","tree a01abe4a95c960562ecd11cdb10e5c778cce648c ------","BOOKKEEPER-581"
"2013-06-07 11:46","tree 87f2b3e3d5c8c934b8b99aaa8fbf907318ad91ea ------","BOOKKEEPER-585"
"2013-06-07 10:55","tree 8fdf9bb4ba84beadbb9b050a2a678f84b5134eb4 ------","BOOKKEEPER-579"
"2013-06-07 10:48","tree 86072a45301c9a6535ce49c2064fe44f5b66b102 ------","BOOKKEEPER-559"
"2013-06-06 19:42","tree 1becc34d9ed57bab49b913ba6a76f536ffbbaecc ------","BOOKKEEPER-556"
"2013-06-05 11:49","tree d748cf5ea5f789e912a32240bb1e2e550dc4ef5b ------","BOOKKEEPER-617"
"2013-06-03 13:03","tree 780b14672954fd2762e0c05cafdeb7f5178dba74 ------","BOOKKEEPER-603"
"2013-05-31 12:02","tree a0e8e61e70c6490381760787dcbca2111e4827f7 ------","BOOKKEEPER-611"
"2013-05-10 12:45","tree 23f5d69d8cf6ba71501036b5ef3c5de3295d3270 ------","BOOKKEEPER-257"
"2013-05-09 11:41","tree 458851943da6950179fec0204eb72ea588e365c8 ------","BOOKKEEPER-608"
"2013-05-06 19:32","tree 06ff7c097a7eb69d4412a040758036c62ab5d5b6 ------","BOOKKEEPER-562"
"2013-05-04 14:22","tree dba5fecdf9563f22ec400d2761aff7ec27f6cb01 ------","BOOKKEEPER-564"
"2013-04-26 18:38","tree dc772396ef45aebe17d1624a66f4c65e7de285c2 ------","BOOKKEEPER-584"
"2013-04-07 20:11","tree 4208ba73769586eb8d70b60a55b2a7f43def54bf ------","BOOKKEEPER-598"
"2013-04-07 20:07","tree 6db6919e4cd35c3ad62cbe61cc36d34e7afe31eb ------","BOOKKEEPER-599"
"2013-04-04 11:21","tree 268f594f124ad00f1f62fb3162cfa8d5b40ff1ed ------","BOOKKEEPER-596"
"2013-04-02 17:38","tree 159dbf08540ccfb8778bb922c8869c0ceff700d4 ------","BOOKKEEPER-595"
"2013-04-02 16:14","tree 4019f0314fe91cab7376334e390ae5bc42051508 ------","BOOKKEEPER-597"
"2013-03-25 18:02","tree 89cdb320a68c06718625de98def4850ca57f8af6 ------","BOOKKEEPER-581"
"2013-03-25 17:26","tree f746dafa6f186e8eb21170ca031fd1f8e6fb527d ------","BOOKKEEPER-506"
"2013-03-25 16:10","tree 286d0011d6c961268271e52380c733e2f8c265ce ------","BOOKKEEPER-586"
"2013-03-25 07:05","tree 59492e486c017ce200fc97bc9b871ab9892c5e27 ------","BOOKKEEPER-583"
"2013-03-25 06:48","tree effa3e92e565b3460aa3987b8a3c1ea805f3ba1c ------","BOOKKEEPER-583"
"2013-03-25 06:27","tree dccd0e497b52719d0aa5743174c4d4f3a151b312 ------","BOOKKEEPER-557"
"2013-03-18 00:40","tree 8aa28eb5a709cf1d3d7a361d415bcaff73aaa529 ------","BOOKKEEPER-573"
"2013-03-18 00:31","tree 7b2b5b24272412c8f67e6ae6d9243b5517e4a888 ------","BOOKKEEPER-576"
"2013-03-09 00:42","tree f2e85f47f10d0ca242a9ab1bfb838747c386f223 ------","BOOKKEEPER-579"
"2013-03-05 18:45","tree 32298c55acbb52ed73ae728951af29c91ffac025 ------","BOOKKEEPER-559"
"2013-02-26 04:12","tree cd73882558c1e37996c34173b74e93ee8843440c ------","BOOKKEEPER-574"
"2013-02-19 16:54","tree e3f6f9a8e98df32be7c0642be7237c7a808e2f07 ------","BOOKKEEPER-567"
"2013-02-19 16:52","tree 57a72800548639dc41a1b225c48c0c2baaf4762f ------","BOOKKEEPER-567"
"2013-02-19 16:20","tree a248bc9e4de4ed100ebfea46374f094ae4a8b766 ------","BOOKKEEPER-549"
"2013-02-19 16:19","tree 59d5ad74f3fd389af97b18dd807b65c7504441f2 ------","BOOKKEEPER-549"
"2013-02-19 16:19","tree 9d868052e5c8766e983d42bea91b60f8dfa9f180 ------","BOOKKEEPER-549"
"2013-02-19 16:16","tree 4a500ea255227bcfd497d27e1dd20b5099d31254 ------","BOOKKEEPER-548"
"2013-02-19 16:15","tree 3ce3940cef1a613c462ba8734b15317ff62d46b3 ------","BOOKKEEPER-548"
"2013-02-16 16:02","tree fe54a5e19f8fc5507d726c3368776efd6b8c4acf ------","BOOKKEEPER-569"
"2013-02-16 15:56","tree 8ffc3b9797267b21004532fd659e933f05f441d9 ------","BOOKKEEPER-569"
"2013-02-15 05:34","tree d353ca747250a086f16e99215f1c45b26687ebe8 ------","BOOKKEEPER-568"
"2013-02-15 05:31","tree 6e6c8d9803f9c64e3a99d4f4de7ceb07526d64ed ------","BOOKKEEPER-568"
"2013-02-13 18:37","tree db59c2466673e2c1593887fbd28965ac41ff6932 ------","BOOKKEEPER-554"
"2013-02-12 11:16","tree 2d067c3782fe429defb831b3060d86104e081bdd ------","BOOKKEEPER-555"
"2013-02-12 06:00","tree 61751de438afd9d9c7fbb476e2959745450c41c4 ------","BOOKKEEPER-554"
"2013-02-09 08:59","tree 5e5af0c627e633535f2cf20a0e596644714d10f0 ------","BOOKKEEPER-556"
"2013-02-08 19:08","tree b613411e60727f962c5e628e354811ac1b44f8c8 ------","BOOKKEEPER-56"
"2013-02-06 16:28","tree 9815e4056235eb0a7894d60902a8822ea66f6d6b ------","BOOKKEEPER-526"
"2013-01-31 19:32","tree 94a9d345c735e8f1583c80cd617eff4ca3a42240 ------","BOOKKEEPER-312"
"2013-01-24 19:35","tree 0d20bb39bd66b4ee7125b184b3344a94b1731215 ------","BOOKKEEPER-544"
"2013-01-14 17:02","tree c20da01dafe5aad92558bdcc39bb0e04e275f48d ------","BOOKKEEPER-472"
"2013-01-14 16:59","tree 15ffe9bc0bda28ac0489ca89b85ecf44e910e5dc ------","BOOKKEEPER-472"
"2013-01-14 13:45","tree 5fe48e63acea48298dee3da4b223b6396a60d4c4 ------","BOOKKEEPER-513"
"2013-01-12 18:55","tree 0ae8700d7a938c51e67e490dd84dac9b2bbbd86d ------","BOOKKEEPER-503"
"2013-01-11 05:16","tree cd9c52ccc4c59b920dcae1394e9b7dd115cf33d5 ------","BOOKKEEPER-539"
"2013-01-10 19:13","tree 07a4a2b1800333def202a1206992fb634a7ddceb ------","BOOKKEEPER-538"
"2013-01-10 15:19","tree ce3f78e450b3a027a7ab0f7d0e24c46a562e04a2 ------","BOOKKEEPER-530"
"2013-01-10 10:42","tree 480ac60c628c45afebaf043f7b1dd2971a2b88ef ------","BOOKKEEPER-540"
"2013-01-10 10:39","tree 0fa16374eea9b29cc9679e0b884edad953ad8879 ------","BOOKKEEPER-543"
"2013-01-09 18:48","tree 307ab3ccd21c9c89a0140fcd731f87261d9073ea ------","BOOKKEEPER-542"
"2013-01-09 17:47","tree 1040ff5f5f12fc235a99bf2880030f947078e6b1 ------","BOOKKEEPER-529"
"2013-01-09 17:18","tree 1da49fc64f486b1af873a64b668dad7c38388b1d ------","BOOKKEEPER-533"
"2013-01-09 16:34","tree 70c5f3590c9c59fdf5799660d030cba6c890bade ------","BOOKKEEPER-541"
"2013-01-09 12:29","tree 7d399d4fc5b19ce93007edabdd4f82ae15aa2aed ------","BOOKKEEPER-531"
"2013-01-08 00:44","tree 1cdd224aae3dceaf9e8c6f1b74ce5b413c4bf8df ------","BOOKKEEPER-532"
"2013-01-07 22:53","tree 5a1b332c77adbbbd4a771929c1985a085edc8008 ------","BOOKKEEPER-534"
"2013-01-07 12:25","tree 0ebce665e8dee4441d9e07046b31b9662eeb3243 ------","BOOKKEEPER-355"
"2013-01-07 03:48","tree 612384edb115a0f02feeb202e8e5ea6a569a4001 ------","BOOKKEEPER-524"
"2013-01-04 11:32","tree 7a64e2e08fa871715352c27e8cff1bbbe5588825 ------","BOOKKEEPER-293"
"2013-01-03 12:07","tree e7bac60c3650a159b53fe9cd196e0ec07915e1d9 ------","BOOKKEEPER-507"
"2013-01-03 11:06","tree 2414eef4fd9a97a9c2508a4c5ec9c572b609f2b4 ------","BOOKKEEPER-409"
"2013-01-02 22:24","tree ebfe0f4b97d785334a31460479ef667c3513f1e1 ------","BOOKKEEPER-55"
"2012-12-29 16:31","tree 46f5cd6e18bf3e901c815746df3467c608cf82f8 ------","BOOKKEEPER-523"
"2012-12-28 12:32","tree 7837e9f85e7a67aec1c66bc681432d229b26b600 ------","BOOKKEEPER-514"
"2012-12-27 23:16","tree 01d80c547aae127b5f9dcf74654f4462f3460e35 ------","BOOKKEEPER-520"
"2012-12-24 06:23","tree b4a630d417c960590296a5e9286e8e472a0dbd6e ------","BOOKKEEPER-447"
"2012-12-24 06:05","tree f18db9a7935983eba26fc5407090b37d3b0bef87 ------","BOOKKEEPER-522"
"2012-12-24 05:50","tree bbfbdced00c1898c7bdbd4a7bf87d3d15bb18f1d ------","BOOKKEEPER-463"
"2012-12-20 06:48","tree 7132c650a73f586cee9b6195739246b153aa4437 ------","BOOKKEEPER-520"
"2012-12-18 13:04","tree 3ec5a619b9e7997e43d8ddc18999ae8a9b4ff733 ------","BOOKKEEPER-500"
"2012-12-18 12:00","tree e865bb161b39183058a19e9e6716fc86436526a9 ------","BOOKKEEPER-496"
"2012-12-18 11:55","tree 086eb1787480cf02e09007b678efaff48727971a ------","BOOKKEEPER-509"
"2012-12-18 06:52","tree 93f31ad7a9e8f72464f9629d4eb5c76ca77f5b42 ------","BOOKKEEPER-342"
"2012-12-18 06:48","tree 55741a88b48b8fc2f28b3dcf8852c0ed0a1255a1 ------","BOOKKEEPER-490"
"2012-12-17 15:42","tree 7c8906609850184b38bbb4819e773baeeec24b5e ------","BOOKKEEPER-375"
"2012-12-15 03:08","tree 77f7232a4cde19a3936db351efb159ac614c6f63 ------","BOOKKEEPER-512"
"2012-12-15 02:45","tree a49bbe440c123419a913f6a74a13ec328a2e5cc4 ------","BOOKKEEPER-511"
"2012-12-14 20:29","tree 451620377ba56bcf3263f2746cae729299d37d04 ------","BOOKKEEPER-428"
"2012-12-14 20:26","tree 7d710f0c25eeb728740c75166b7d22739629c521 ------","BOOKKEEPER-428"
"2012-12-14 15:14","tree b48112fcdfa284aa1200169bf4396f8b51b74351 ------","BOOKKEEPER-504"
"2012-12-14 11:18","tree 35d802cef01c73201b88b67efbbd2a6b11002bb6 ------","BOOKKEEPER-426"
"2012-12-13 18:34","tree cb5bffcee92cd44f5fe63710485cb0bc5d000bad ------","BOOKKEEPER-408"
"2012-12-13 18:12","tree a629b611d3d4dc144349eb96aa9a19838d83d71b ------","BOOKKEEPER-341"
"2012-12-13 18:05","tree 8f89a82d2e7175ef3f30e0292bdca5112153e1f7 ------","BOOKKEEPER-262"
"2012-12-13 16:44","tree 592663eacbe0aa7cdf749791a46c3329f79ac661 ------","BOOKKEEPER-483"
"2012-12-13 13:07","tree 97c5c6ee11870b9dc00a6d5cf64c1556f6eb418b ------","BOOKKEEPER-336"
"2012-12-13 12:51","tree 5b05e5b655752dac0d4b4908c204e7b625a5948c ------","BOOKKEEPER-458"
"2012-12-13 12:33","tree f077dfa20f89257cf601590e4132c3eb08fd53b2 ------","BOOKKEEPER-365"
"2012-12-13 07:26","tree 8741e6a1308e4322ce17c80612b574e9909c1474 ------","BOOKKEEPER-404"
"2012-12-12 18:26","tree 63ea09b8f9edf8850847c25ed8882a2b74bf353e ------","BOOKKEEPER-493"
"2012-12-12 11:20","tree c92156ce5b9ef531f98e1f2dbcc4a6ca8655bc46 ------","BOOKKEEPER-205"
"2012-12-12 06:54","tree 279657aab9cd2185260c2afb10a86f7099c9f93a ------","BOOKKEEPER-497"
"2012-12-11 19:16","tree 5170007640ce1c15485e2d55c236525e5e359e7c ------","BOOKKEEPER-495"
"2012-12-11 18:59","tree 56e15ced9922e83fbeeae3040dcae53f0f4c5d2c ------","BOOKKEEPER-495"
"2012-12-11 11:15","tree 7ba1b2964f21a9b8d79fbac28b8050b8669925ba ------","BOOKKEEPER-491"
"2012-12-10 16:02","tree ce602f77e4029f3cec54e64bf9ac7fad5fc0526f ------","BOOKKEEPER-498"
"2012-12-10 11:04","tree 50eb0de4931e1eee1186b7e7747433643097d8ce ------","BOOKKEEPER-465"
"2012-12-10 10:58","tree 46b38590fd97899ba00d193dc6d6f3422dc52c33 ------","BOOKKEEPER-469"
"2012-12-08 16:14","tree 131153c296470e0007abc5ab72200baaba73f2d5 ------","BOOKKEEPER-474"
"2012-12-08 11:42","tree f246ce4a8fe1af456cb53d06fd689f74280e47ea ------","BOOKKEEPER-431"
"2012-12-08 11:18","tree dbd24e1ca30b5a5d925b9490c9030d8d540ba23d ------","BOOKKEEPER-431"
"2012-12-07 12:21","tree 46c911485787f0de932e5c90bdc5274aa58bb1aa ------","BOOKKEEPER-453"
"2012-12-04 22:15","tree 7812bc5fe8860774a2d0d56392aaf54b2fd3e75c ------","BOOKKEEPER-475"
"2012-12-04 18:54","tree 08a4d586263414f2caa722c01b0b13f7f63ffb6d ------","BOOKKEEPER-461"
"2012-12-04 18:27","tree 3f46061d5f1b9319841ae7676bcab9f9f5e0b55a ------","BOOKKEEPER-470"
"2012-12-03 22:38","tree 345cddd8b99c9fdb4ebff87ebe056520ce631549 ------","BOOKKEEPER-399"
"2012-12-03 21:31","tree d01edf399185c75779a9907341217379b3761065 ------","BOOKKEEPER-484"
"2012-12-03 17:59","tree d36581ecdcc72309aebc26af1c02a8046d3f39c6 ------","BOOKKEEPER-347"
"2012-12-03 16:27","tree 618480046e8ddc862c889030b0e8c91ed39e763c ------","BOOKKEEPER-442"
"2012-12-03 15:04","tree 6ede40eeea557675f0290918084fe4c13a6baa95 ------","BOOKKEEPER-459"
"2012-12-03 14:54","tree 6ede40eeea557675f0290918084fe4c13a6baa95 ------","BOOKKEEPER-459"
"2012-12-03 10:49","tree 4dc26a137f72f32a35d7d67c01866b2df1ce1201 ------","BOOKKEEPER-291"
"2012-12-03 10:46","tree 134612c86c6a915fd347bd7d1402a96d91b8e13c ------","BOOKKEEPER-33"
"2012-12-03 06:23","tree a4c778f13a5a07cf204eb47b860ac7b77a45e6a0 ------","BOOKKEEPER-351"
"2012-12-01 15:04","tree d92dcb7e14497f159d5d5ee44cfc78d8f0b932fe ------","BOOKKEEPER-485"
"2012-12-01 06:32","tree 11dabd4b64a880a63d512fa6460c644a20f4fb75 ------","BOOKKEEPER-482"
"2012-11-30 16:28","tree 4ba680e500b32fde9eb13f0fac727a42af196b51 ------","BOOKKEEPER-389"
"2012-11-30 04:56","tree ffe85db208c62a9fd7ec5cfe2f4266e900f27ed7 ------","BOOKKEEPER-480"
"2012-11-30 04:54","tree beeccf83a2158c977bcac0e5442a714e97df45bb ------","BOOKKEEPER-481"
"2012-11-29 17:54","tree bfc89a3308c7ec6b82ad46094b2906817a70c00f ------","BOOKKEEPER-487"
"2012-11-29 15:18","tree 926769d920879d6014302e11bdd4dcb55682a529 ------","BOOKKEEPER-457"
"2012-11-27 21:33","tree 145e602c71b0e391eceef25c976c8b877e095d85 ------","BOOKKEEPER-476"
"2012-11-27 16:52","tree 94d7dd57a96a458939a53f24feb66babe5de3757 ------","BOOKKEEPER-477"
"2012-11-27 15:36","tree db48614d58898f3e6829e5bd52d2071eaa8c97ea ------","BOOKKEEPER-479"
"2012-11-27 10:50","tree fed261039baf5240034d1879a86b6693d7e8d8c0 ------","BOOKKEEPER-471"
"2012-11-26 18:47","tree a031dcdf92840bd13137ad7c5bebc195bf3ff8ee ------","BOOKKEEPER-440"
"2012-11-26 17:13","tree 8ac61f24027af1b239f55492333cc27637c75a66 ------","BOOKKEEPER-460"
"2012-11-26 16:42","tree 4be4c979a07fef35bfc11de3def814ce95f96700 ------","BOOKKEEPER-460"
"2012-11-23 11:49","tree 1f1b349ba934f9efa75c9e5f91f631af57f220cd ------","BOOKKEEPER-467"
"2012-11-22 18:36","tree 20615e61eef0d76c377d10b0776391a60ec3c24a ------","BOOKKEEPER-454"
"2012-11-21 12:24","tree fefe91dd3cf0b461d47e6196268f1a12358f7525 ------","BOOKKEEPER-466"
"2012-11-21 10:31","tree 5ecd83af9c31d1ef1babf0447f6980161dbf3f19 ------","BOOKKEEPER-468"
"2012-11-09 17:13","tree 6c4c7d1c14970660eb28163187c43d60242634f1 ------","BOOKKEEPER-204"
"2012-11-07 17:27","tree 4bad86e7fe3db76379fd1598c2b8e84e1bd8a64b ------","BOOKKEEPER-444"
"2012-11-07 11:57","tree 1fdffdd7d4000ebdc49e9481d290c6de4d0604ee ------","BOOKKEEPER-452"
"2012-11-02 21:47","tree ec7b1a9b8982a33779bdf9842126fa409b36da9a ------","BOOKKEEPER-370"
"2012-11-02 17:14","tree 3d5154ddbd6de68250913dba7c44e6ce7a3be449 ------","BOOKKEEPER-36"
"2012-10-31 18:16","tree a8ccb02660ec5fcce93b1e1dc30017d942961a0f ------","BOOKKEEPER-434"
"2012-10-31 11:40","tree 678225598396920bab6b5bd91cb60132e5883a4b ------","BOOKKEEPER-430"
"2012-10-26 16:25","tree d091bfe78e7bd20c61c663dc42daa73f282571bd ------","BOOKKEEPER-425"
"2012-10-26 15:13","tree 1bdf646fb790e4310343144479764da4ec90eb9f ------","BOOKKEEPER-439"
"2012-10-26 12:51","tree 819b2eaf17cf2092ca7ab35e3b66fa0471ab6dcf ------","BOOKKEEPER-346"
"2012-10-26 11:55","tree bb5924f4d3e6aa5245b34ad5d02131e0679e9864 ------","BOOKKEEPER-441"
"2012-10-25 16:50","tree 7922179979a772cc84bddcafe277f642191fd51d ------","BOOKKEEPER-416"
"2012-10-25 16:18","tree bdbdd11dbcf007a65d8a335d441c19415bd4fad8 ------","BOOKKEEPER-424"
"2012-10-25 15:35","tree 71ad2d3a293de7933134b6a0e4a172b0e21bc334 ------","BOOKKEEPER-424"
"2012-10-23 15:22","tree 74a73a9d7f3c61aeaad0b5dea51ecbb6ed997424 ------","BOOKKEEPER-427"
"2012-10-22 13:04","tree 0324dd3e9941f249fbb131821403b2787bf120ed ------","BOOKKEEPER-411"
"2012-10-22 12:10","tree b1ef6b7531fff6037d0047449543dc23d4b8f30d ------","BOOKKEEPER-435"
"2012-10-18 16:40","tree 05cb149cc5a08328ac9f9fa259012d5cbd56c8fe ------","BOOKKEEPER-345"
"2012-10-18 12:59","tree b6f8e7a452ea1bdd1088f3c3f6722e3fd8e48740 ------","BOOKKEEPER-369"
"2012-10-17 11:19","tree 96336ff9480da55dd6f4be7f34348db522e7aae1 ------","BOOKKEEPER-422"
"2012-10-16 23:20","tree 6edaa7ac420242d083d311ae821babc505b1695a ------","BOOKKEEPER-436"
"2012-10-16 17:01","tree 0a6c014dffadcd33907ee035a586751311bd846c ------","BOOKKEEPER-417"
"2012-10-10 12:29","tree 38c0e900d3bc51ea4f8c030c4bc57b081be7643f ------","BOOKKEEPER-418"
"2012-10-10 12:09","tree d63ba198a32d9da9768a601e7bc1a9f9290f61c9 ------","BOOKKEEPER-413"
"2012-10-10 11:45","tree 1b25bb826f9b44dc90f0cbba23d480e49a2cda51 ------","BOOKKEEPER-415"
"2012-10-05 16:24","tree 63df30f445fcd49b34343d4eb51512b99704a167 ------","BOOKKEEPER-315"
"2012-10-04 18:31","tree a5c171f708b96ee07ebbd07adf97e54fc0aa70d8 ------","BOOKKEEPER-319"
"2012-10-04 15:30","tree 8820f8f6c53fdcd57f187314058d202d2b9e3ea3 ------","BOOKKEEPER-367"
"2012-10-04 12:40","tree 53028b4e8936e438b1c6573759928b71886bacbe ------","BOOKKEEPER-278"
"2012-10-01 15:36","tree dee55a8fa8a6ea5a49a15c65487be760c67eece5 ------","BOOKKEEPER-143"
"2012-09-27 01:52","tree 0c402096885886729d6136c3e32da92def36bca3 ------","BOOKKEEPER-364"
"2012-09-26 13:04","tree 7b348d79b9a82af02ca69bab24ff4acc1e4fa747 ------","BOOKKEEPER-397"
"2012-09-21 17:47","tree f02204342fb9eb9b02ca2c3916cd6f88431528e7 ------","BOOKKEEPER-388"
"2012-09-21 17:45","tree 32bd2513efe727ea5d2230e1e8eb1c334b5a760d ------","BOOKKEEPER-388"
"2012-09-19 13:03","tree e6e13e265fab74e1338333304f2ad7e291bd2c91 ------","BOOKKEEPER-405"
"2012-09-14 18:16","tree 06107c92c60873caf9fb179421ca37e2272e1262 ------","BOOKKEEPER-252"
"2012-09-14 15:42","tree 2d822e090dd5fcf8a310d3cca57c46a0c1abb4a7 ------","BOOKKEEPER-32"
"2012-09-14 11:53","tree 0869e23c83976a1c79fa993415a8aa3d06c4fbaf ------","BOOKKEEPER-403"
"2012-09-12 20:34","tree 9361df08800945b4c9e0ef8c7b9c339103cf467e ------","BOOKKEEPER-325"
"2012-09-12 11:59","tree d9e10280816286493d14ff84f5a4efa9ef0b1adc ------","BOOKKEEPER-208"
"2012-09-11 11:02","tree de541462553f23fb290d8b5171b69eb237045be3 ------","BOOKKEEPER-396"
"2012-09-11 10:30","tree 2a97166fc4cca802266c707f79d1e16cedb65338 ------","BOOKKEEPER-396"
"2012-09-07 15:22","tree 0eb217b1dd89aebc98c823d955ae3fdb69afbf67 ------","BOOKKEEPER-383"
"2012-09-07 07:57","tree 573a2a9a0c39f9ff26a4e6ef78811def898d55ba ------","BOOKKEEPER-354"
"2012-09-07 07:53","tree cd5b56ac500be33ef62487a851406cf30ecc472e ------","BOOKKEEPER-329"
"2012-09-07 07:50","tree d91154745051a3490f1b1879aa56d126a77579c1 ------","BOOKKEEPER-372"
"2012-09-07 07:48","tree e07f85ffed769fdf8d2a6366e1b345d7d4549444 ------","BOOKKEEPER-296"
"2012-09-07 07:30","tree 3b74796c057dfab8083ed4bdb73bb1d356fb55bc ------","BOOKKEEPER-387"
"2012-09-07 07:26","tree efb3ed239dc047ec36d0e38612479d2c569cbd01 ------","BOOKKEEPER-387"
"2012-09-07 07:12","tree 5474d3c78e72c7ca49b08d75c872de1804f8116b ------","BOOKKEEPER-395"
"2012-09-07 07:04","tree 247d71acb4f794d90590293c9898adb16843f447 ------","BOOKKEEPER-300"
"2012-09-07 05:12","tree 2453eb773d65d661e31e5e22abcb918b85d7b74d ------","BOOKKEEPER-394"
"2012-09-04 10:39","tree 2b53dd68bbbb372e6c68c7e090e4c15c28386044 ------","BOOKKEEPER-386"
"2012-09-03 18:54","tree d315fcd5958a31055df7b61393a6626a41d4ef29 ------","BOOKKEEPER-385"
"2012-09-03 17:27","tree 0274ae3f9b18bc8047db93f3adbea6b167c33172 ------","BOOKKEEPER-335"
"2012-09-03 17:14","tree 2e6c55dd307843ed3eb88b3fb60f6b30fa667d67 ------","BOOKKEEPER-334"
"2012-08-31 15:25","tree a30e219df4d027c9819520a93aed8242b1e0cfc4 ------","BOOKKEEPER-384"
"2012-08-28 14:51","tree fdc2f1b0faa764c11e763a5a7976060cb711901c ------","BOOKKEEPER-371"
"2012-08-28 14:25","tree 06f5e7a11bc5ca40d37fd7334f780fa96eb9ec84 ------","BOOKKEEPER-376"
"2012-08-28 10:51","tree 9e7e723608ca7387e6323516ec2fafdad7f8e80b ------","BOOKKEEPER-337"
"2012-08-27 19:21","tree a9d245a76623807ac38ee524147508e69c732e73 ------","BOOKKEEPER-333"
"2012-08-27 17:43","tree eebe0a4df730c077e1268569c26ba800ac8ae021 ------","BOOKKEEPER-272"
"2012-08-27 16:55","tree e7b5d4441ccbbb880760b97ffca9c7d10f708522 ------","BOOKKEEPER-304"
"2012-08-27 15:34","tree 19066a294cb059a1c817fdefaf7129198abdf3f8 ------","BOOKKEEPER-381"
"2012-08-27 15:19","tree f996c320d032dec795f55280040455e5740e3ca6 ------","BOOKKEEPER-382"
"2012-08-27 15:15","tree 4d32cc086d81269ece98fc8c343c56a80ead743d ------","BOOKKEEPER-382"
"2012-08-27 14:43","tree 2fc70675502107675cfd110ab56507a58fb2ed42 ------","BOOKKEEPER-381"
"2012-08-27 12:09","tree 5c1da6b1cde689baaa2c5d6c5eaed777f2447a88 ------","BOOKKEEPER-380"
"2012-08-24 22:44","tree 6f17250b9b29d8e508979c61493e84a067581279 ------","BOOKKEEPER-248"
"2012-08-24 21:51","tree e4b34dab2dbfa3cfb5631c2c02be2016cbaee453 ------","BOOKKEEPER-378"
"2012-08-21 11:37","tree fcf184b2056dec75f34fa604f64f9f77c773ff14 ------","BOOKKEEPER-354"
"2012-08-19 11:39","tree 7981f00886bd05e4b4c9e4f96622a2fe0611a1a6 ------","BOOKKEEPER-299"
"2012-08-17 18:25","tree 031294b6587e49d39ee97fc529f6fe3d648e351d ------","BOOKKEEPER-372"
"2012-08-17 17:41","tree 61104b24a9326f788e674c5fa73f5dd5b1b3a12f ------","BOOKKEEPER-332"
"2012-08-17 17:32","tree 64ea3e4cee54212c57acdde7dcdc8470240d4832 ------","BOOKKEEPER-332"
"2012-08-17 15:56","tree 5940df2bc5c83a0b214bef5bef9b1e935f60f885 ------","BOOKKEEPER-283"
"2012-08-17 12:41","tree a046d86a5783f309011b0669169d81687f8fd1f5 ------","BOOKKEEPER-247"
"2012-08-17 11:58","tree 183eb8215d8821140a3574d6474851807dc1433c ------","BOOKKEEPER-338"
"2012-08-14 11:40","tree 906af0fe13ecbd5b377497b9b16a7d1939589901 ------","BOOKKEEPER-246"
"2012-08-13 13:04","tree 184aed62b51453d177baba2fc8befedc7dcde35c ------","BOOKKEEPER-326"
"2012-08-13 11:38","tree b88da420311f9414b2e88ae82c414c1c6e30a92a ------","BOOKKEEPER-326"
"2012-08-09 17:26","tree 0398779b400c531c9cbb1137a7b94a2885ce2e5d ------","BOOKKEEPER-191"
"2012-08-06 16:17","tree 9110017c5174b541683dfd3060656209009beead ------","BOOKKEEPER-340"
"2012-08-06 13:01","tree 10409eea6826cd38c801bf544ef49be5db9ca295 ------","BOOKKEEPER-259"
"2012-08-06 12:10","tree 2d20bc498920bb7f72428e473e3eab022bfdc0cb ------","BOOKKEEPER-339"
"2012-08-03 19:42","tree f38654cb8618436b8191ac3873a67a9cf0446ffb ------","BOOKKEEPER-343"
"2012-07-30 17:20","tree bf209490456c8fb1a14dd6bab236b3f77ae582b1 ------","BOOKKEEPER-331"
"2012-07-27 17:07","tree f054406014de5418db0b835ec50198aaa32ac84d ------","BOOKKEEPER-352"
"2012-07-27 15:51","tree 0cf6b73e13f37d1b3e63d64abeb1533d5c501258 ------","BOOKKEEPER-352"
"2012-07-26 05:46","tree 04abfb0a81a71d0ff2cc71d2d3ef09d014ebda4c ------","BOOKKEEPER-330"
"2012-07-26 05:22","tree 7fbfca62475b36ead89fa1a59ca997c5898c9cfe ------","BOOKKEEPER-330"
"2012-07-26 05:00","tree da6fc0b6cc1952fd1a804c211e354f365396939e ------","BOOKKEEPER-317"
"2012-07-26 04:32","tree 8fdffc86b4fc0f9ae4b69104026f51ea65c2a8ba ------","BOOKKEEPER-349"
"2012-07-24 19:02","tree 437677bbd4480545f6b7a41ba2df81d9a63d4d4a ------","BOOKKEEPER-327"
"2012-07-23 23:39","tree 2d409e9d42393257beea7cf5ae24ded13785f67c ------","BOOKKEEPER-327"
"2012-07-18 17:00","tree 70f20720ddf11986f21ed001ba5c8e468671e7fb ------","BOOKKEEPER-2"
"2012-07-17 10:42","tree 836b6afc8d87e2d09a6c0834da8c65bf4ced1330 ------","BOOKKEEPER-306"
"2012-07-16 12:35","tree cab4865ccf7c60296d041a54f32cff9dab516f82 ------","BOOKKEEPER-310"
"2012-07-11 19:24","tree e6203de847dbdb26231471d74a3d7166d86f3c2a ------","BOOKKEEPER-329"
"2012-07-11 19:11","tree d59560ee0ba2d11566cd72e6a3e5d33f7b0f8577 ------","BOOKKEEPER-250"
"2012-07-09 04:09","tree 79d272db4ab31293608d8afb976891e383ed39b6 ------","BOOKKEEPER-328"
"2012-07-05 15:09","tree 62c1c3bbdc43ebdacef75c26ea3220b37a8c1a8a ------","BOOKKEEPER-294"
"2012-07-05 14:45","tree 35b343de7bc3b89b509b91343ee83302333765e1 ------","BOOKKEEPER-294"
"2012-07-05 07:26","tree be6e4a9a0472ea1bd9478d8f0f995cefe848da6c ------","BOOKKEEPER-296"
"2012-07-05 07:10","tree 85854cbfd02320635c44faf92861321935373bd7 ------","BOOKKEEPER-318"
"2012-07-04 16:17","tree 1e7f85a571bc1c5751673e4c8046b5c6147347e0 ------","BOOKKEEPER-324"
"2012-07-04 15:44","tree 87f14c924434e07b9f90bd769defa8c42f077856 ------","BOOKKEEPER-320"
"2012-06-29 18:43","tree 41ae7dfccbfc308983f9f83879e707fc8c0a9832 ------","BOOKKEEPER-280"
"2012-06-28 19:32","tree 2a6b906648fc0574e8f6cbc611f4fb8cb4b744d2 ------","BOOKKEEPER-322"
"2012-06-28 19:19","tree 776fe04b96d0b8eb6d16d5b3498716ccc7fd8bf1 ------","BOOKKEEPER-302"
"2012-06-27 15:35","tree a766f00dff402dff2bae0291fc7470c1a142702e ------","BOOKKEEPER-303"
"2012-06-27 07:10","tree 069424ac7daa0be2002c070a244e5f12ca1bb77d ------","BOOKKEEPER-307"
"2012-06-19 12:58","tree ebce91f456b85095eb887de4ca2b43b861d83efc ------","BOOKKEEPER-292"
"2012-06-19 12:39","tree 8990efc2fb0ad267ba43cd5cf8c9856cf132ee52 ------","BOOKKEEPER-203"
"2012-06-18 16:54","tree feb275d797bf79d6c2e55b716a09f52cb5bf82e0 ------","BOOKKEEPER-298"
"2012-06-18 16:50","tree 085ade8d1c2bbde9cc766a8baba4760979bbfe77 ------","BOOKKEEPER-298"
"2012-06-18 16:48","tree 088ec81b8ffe9695f367e60a430aa02f5aba645e ------","BOOKKEEPER-289"
"2012-06-13 16:57","tree 55da59ec2e47c89f9cff2d5a1fb30b95525593c2 ------","BOOKKEEPER-183"
"2012-06-12 18:23","tree dd5fac29d0bba88e3ee063742c30ce27f95a81f8 ------","BOOKKEEPER-274"
"2012-06-12 17:37","tree db51fe34f0044867e58acef51a3e18b49a630885 ------","BOOKKEEPER-289"
"2012-06-07 16:17","tree 24064582f27e019ff02d8e8e8c8523e8b3ba075b ------","BOOKKEEPER-288"
"2012-06-07 16:15","tree 5ebd5e2340fdfe87711bf8676ca4cce0a4ee9dcd ------","BOOKKEEPER-288"
"2012-06-06 18:36","tree cb08088361df5c92f9b5e812ec7297c5690ba390 ------","BOOKKEEPER-287"
"2012-06-06 18:13","tree afbb44507dc3eefc42d9710af095631641923771 ------","BOOKKEEPER-287"
"2012-06-05 13:18","tree 76a1649a6fbe35736eea096fc191f198259e1858 ------","BOOKKEEPER-286"
"2012-06-05 13:02","tree d91866421923ab004aa3be71fa9ccf0934c1557a ------","BOOKKEEPER-286"
"2012-06-05 12:11","tree 3e9692541ede5c7948993725430fb2008ceed80f ------","BOOKKEEPER-285"
"2012-06-05 11:56","tree a22ecc844c37becd60b119d8f497d13b0a12efbd ------","BOOKKEEPER-285"
"2012-06-05 08:56","tree 160f9471725d34c5aadf4364c27ccbe87390755a ------","BOOKKEEPER-279"
"2012-06-05 08:40","tree 5ed7d564911b355ebcafdd941dbca1cdefff7b71 ------","BOOKKEEPER-279"
"2012-06-05 08:21","tree 9eaecaf0bef2e78dc1025d6a47642f3622e8da21 ------","BOOKKEEPER-281"
"2012-06-05 08:00","tree 3e4252fe0431a83937e8becde2317a59eb7daff6 ------","BOOKKEEPER-281"
"2012-05-30 17:13","tree 74d7add41a925b008c0e372dd2006837801a94ae ------","BOOKKEEPER-273"
"2012-05-29 23:12","tree d0fb9bdf1dff1a4415b6c524c0d3e87c5f26ec86 ------","BOOKKEEPER-271"
"2012-05-29 23:02","tree 4ed3ab242a53b61ec76a1419b90bd6d9161a4727 ------","BOOKKEEPER-270"
"2012-05-29 23:00","tree 0f3fde715de7d127db6b3142d7e55680629eafa4 ------","BOOKKEEPER-270"
"2012-05-29 22:47","tree a907ac0a960a13e7495a984732074799c7972848 ------","BOOKKEEPER-269"
"2012-05-26 19:16","tree 4608596a0ad764637060c91115ea41a85a3fefd5 ------","BOOKKEEPER-258"
"2012-05-25 17:13","tree a598a5582c1388ac1a962cfb29d975cc968e498a ------","BOOKKEEPER-260"
"2012-05-25 16:38","tree fdaaf2c08f61c8cd4b77fc07ca7ae1d7f2ecd4bb ------","BOOKKEEPER-265"
"2012-05-25 15:30","tree 451d33021518f846c7751aa863ff10f8c4effd33 ------","BOOKKEEPER-266"
"2012-05-25 11:48","tree dbccb44cea89f28853217fe35482b8a77e37db0b ------","BOOKKEEPER-146"
"2012-05-24 07:12","tree 95af2580f638dae801d3aa7a936d0ac3f7814942 ------","BOOKKEEPER-263"
"2012-05-17 19:07","tree fbb72bbb4971a095d2faeea1ad81732b3897dd3a ------","BOOKKEEPER-251"
"2012-05-17 18:38","tree 981084a43979b5f115ee5c110962faa5ffdbe0c2 ------","BOOKKEEPER-238"
"2012-05-17 18:32","tree 83113a499d4258321dc2b9ab24c584d0f80d46f3 ------","BOOKKEEPER-72"
"2012-05-17 17:56","tree 913d683504a8bb83f4b727888d9ff74a6250c004 ------","BOOKKEEPER-254"
"2012-05-17 16:05","tree aa56185d3a6e4757a9bbacdc2feb109af930035d ------","BOOKKEEPER-224"
"2012-05-15 12:28","tree f31c3e4d88b3acf4a69171a62fc85b3ad4ec59e3 ------","BOOKKEEPER-209"
"2012-05-15 12:04","tree 1cb760e39938e1e02fac1c6b76f83adec84b2b5c ------","BOOKKEEPER-145"
"2012-05-10 14:47","tree eeabf4c8aa5b953cf70d4d029627d228b253dd3b ------","BOOKKEEPER-224"
"2012-05-10 11:57","tree 05c43918726da589d5959783faad018331118e72 ------","BOOKKEEPER-245"
"2012-05-09 13:20","tree dd4cba52c820af66bb97474cc6439ef985ce9d96 ------","BOOKKEEPER-236"
"2012-05-09 13:00","tree dbb07efb8f9fdb2300eff64152b8e91047d8e604 ------","BOOKKEEPER-235"
"2012-05-09 10:39","tree ead9c1bbbe808ec2d2c722cac79768491d7643e7 ------","BOOKKEEPER-234"
"2012-05-09 10:17","tree ecd48e109d24a4881a743ae2b59177755a71b975 ------","BOOKKEEPER-242"
"2012-05-09 09:43","tree 89696a33e81e1d1a58b41949824bd8c5dae6dcf1 ------","BOOKKEEPER-215"
"2012-05-09 09:16","tree 7ce6c6803cce03086873f7534f5a8ff8cc8f7ad1 ------","BOOKKEEPER-241"
"2012-05-08 09:35","tree e6da36b026d653c255b2eb2ee3f26912aca8e2bd ------","BOOKKEEPER-229"
"2012-05-07 18:48","tree 6c2230adc65d2bd2da6b1dbca3b595cbaa8149d5 ------","BOOKKEEPER-232"
"2012-05-04 20:11","tree 3c75fe54ee0597f8cfbda31a21de13dd6002eac1 ------","BOOKKEEPER-228"
"2012-04-28 11:11","tree 65996ded8c8f53d927f1e60629192b40d80c6d98 ------","BOOKKEEPER-231"
"2012-04-28 10:11","tree 78724d36e0aef711e54bc2c6f2956278354ad178 ------","BOOKKEEPER-56"
"2012-04-24 19:42","tree dd50dcac97a5c5b6e9876849e91af2c260a99172 ------","BOOKKEEPER-217"
"2012-04-24 19:37","tree 1584a6bee7551f0a349e388627ef1cba1d25a174 ------","BOOKKEEPER-56"
"2012-04-20 19:18","tree caea203aa7cd47fb5368c63d6d58ae61c6b8dfcf ------","BOOKKEEPER-173"
"2012-04-20 11:19","tree 4a8b164b2c669ef41539b7b0d8b8880091ae118a ------","BOOKKEEPER-168"
"2012-04-19 03:02","tree c52d188879844b0d39468c094ff73afbe3376778 ------","BOOKKEEPER-213"
"2012-04-17 13:16","tree 11c27988bbab8bb6fe012065eedbc7dc6e384830 ------","BOOKKEEPER-218"
"2012-04-17 12:18","tree b2c6b7d9002a1b3be1b337629abd2f8315e8daa5 ------","BOOKKEEPER-196"
"2012-04-16 16:11","tree 684a6e75baa1c4231c8bc4cd6fbce32629b59554 ------","BOOKKEEPER-216"
"2012-04-16 04:29","tree ae2fbcb9d29d1d74c1db7e3254744d7c977153e2 ------","BOOKKEEPER-197"
"2012-04-11 01:05","tree b6f537760257b4334cf31306c4ae4a12e9bffacb ------","BOOKKEEPER-200"
"2012-04-10 05:21","tree 78ef3d97664d619221735f7773ac6109a62edbdb ------","BOOKKEEPER-211"
"2012-04-09 11:42","tree d5d335a9b91f41e63d23c394e93a4da28cafda83 ------","BOOKKEEPER-212"
"2012-04-03 18:02","tree 5f5f468380a64c8c6d99037c43d84ae28088fd0b ------","BOOKKEEPER-207"
"2012-04-02 12:38","tree 04dcf6e583b23dc7db7dae0a998389027fa4cdfb ------","BOOKKEEPER-135"
"2012-03-31 10:58","tree ba890e7a88896051ca2206d43c03c8103f6b9760 ------","BOOKKEEPER-112"
"2012-03-31 09:31","tree eff98c8549f9a2db3397f72b40e32b45c8955369 ------","BOOKKEEPER-198"
"2012-03-31 09:13","tree c05919c31a2d605ed4643776e4491811c4661705 ------","BOOKKEEPER-193"
"2012-03-30 13:00","tree b5c3c204070989819d9c9e5ae0cc5c15879c5f38 ------","BOOKKEEPER-166"
"2012-03-29 15:41","tree 7ba9d90997ffd331f8bf38471370cfd2cc907ae6 ------","BOOKKEEPER-194"
"2012-03-29 15:18","tree ac46a913712c60854893555ebeb094aac827e95d ------","BOOKKEEPER-190"
"2012-03-29 14:07","tree 691c1298cc367b504c03099f2d38fe45d21d820b ------","BOOKKEEPER-97"
"2012-03-28 23:57","tree 1976ec691bc2e664c1d96051cf1eebbce379e386 ------","BOOKKEEPER-195"
"2012-03-21 06:40","tree 244e8aa0249846045e000b3c768f1a2631b3c0d8 ------","BOOKKEEPER-189"
"2012-03-21 06:13","tree ab99eddca713678fbef4e75b5457d1f16f131193 ------","BOOKKEEPER-188"
"2012-03-20 14:09","tree 40f6b80b9f4f9d7dfe5a6f4063ae733c1394b94e ------","BOOKKEEPER-175"
"2012-03-20 12:51","tree 956bd659fab11190e5b04fe258b5bb5ff05f6154 ------","BOOKKEEPER-187"
"2012-03-19 15:02","tree ceed841fad9a8f97800d8db9ebe87d32ef27e9d2 ------","BOOKKEEPER-186"
"2012-03-19 13:04","tree f5c0a55c2ee08ed777fb66973ed902cb11f3aedb ------","BOOKKEEPER-96"
"2012-03-16 10:41","tree c7ac5f039aedf3c7f5a6f0a1af36d7df3202139e ------","BOOKKEEPER-182"
"2012-03-15 10:37","tree ab0b317c5b73203ce7da15ff1a269bac84b30afe ------","BOOKKEEPER-184"
"2012-03-14 17:11","tree c38647e41c831501b27f6cc7e93e44b2340bc569 ------","BOOKKEEPER-185"
"2012-03-14 12:29","tree 26d5da074ab3cd7150b1f5305a21c214b1167e36 ------","BOOKKEEPER-168"
"2012-03-13 07:31","tree 6dbc0c9a54c4e1dcf680f6457f1ad5982339748b ------","BOOKKEEPER-163"
"2012-03-09 14:48","tree 7071337c81eb3d1f33583a21a873a07b021108c1 ------","BOOKKEEPER-158"
"2012-03-08 19:24","tree b0aeeaa054afbb1064b1395386d79464f9884487 ------","BOOKKEEPER-180"
"2012-03-08 12:13","tree 0c4e8295bf23fed6a611de9656735774832176a4 ------","BOOKKEEPER-160"
"2012-03-01 15:58","tree a7e3bf2aa8733b885973034e23c849ea5c0c886e ------","BOOKKEEPER-176"
"2012-03-01 15:10","tree befb9ed4b93345341687e710085437d357f1dfdf ------","BOOKKEEPER-74"
"2012-02-24 20:07","tree 9e4303493549ba49fb724c494bc7f24064ef79be ------","BOOKKEEPER-113"
"2012-02-24 19:20","tree a81b267dbd3d863b7185e09c3c7f7845b51643e7 ------","BOOKKEEPER-178"
"2012-02-24 19:08","tree 6a3d9916efc8f4d5f346df97493d096f206ac2c9 ------","BOOKKEEPER-177"
"2012-02-24 18:10","tree b8ed3e41a6d2189eda49f9b2edf7baf0d14c4c57 ------","BOOKKEEPER-172"
"2012-02-17 12:50","tree 69bfea457f46215764d306387a2c5de3dc86373d ------","BOOKKEEPER-174"
"2012-02-17 11:18","tree da458bc6e691dd6f8b5d12496c73d0d5aad2eb77 ------","BOOKKEEPER-169"
"2012-02-15 16:11","tree 127bd4fb912ac837d8554453eaa0d3908d7326ee ------","BOOKKEEPER-170"
"2012-02-15 10:58","tree 58c95a78c7011c0d1ca02112e66559670074bc5a ------","BOOKKEEPER-171"
"2012-02-13 15:46","tree e8099ca4f7243d4f58df205cc8f3ad0546f84763 ------","BOOKKEEPER-152"
"2012-02-13 11:19","tree 7d7b35a8f3edaf9b21b1c5b1b2cc1043664b13ab ------","BOOKKEEPER-162"
"2012-02-09 18:14","tree 3f53fe162a136968ec19a642394a9c9d423fd850 ------","BOOKKEEPER-137"
"2012-02-08 15:54","tree 496c20256ef3a2ab3aef4771bac079d703d219f7 ------","BOOKKEEPER-165"
"2012-02-08 11:49","tree 0f35da1b4e5785c402908d9172cd9baaf3246559 ------","BOOKKEEPER-77"
"2012-02-08 11:40","tree f212240d29be185d88e087887b929bf275cefd88 ------","BOOKKEEPER-156"
"2012-02-08 11:40","tree 62493aef335dcaa36a55a4e9462a07a3b2c7e8e3 ------","BOOKKEEPER-167"
"2012-02-07 11:03","tree 9f48b9c2b23bf572ca5dcce5725851153a732c43 ------","BOOKKEEPER-161"
"2012-02-01 16:19","tree 76085aa440080c3de0159c916fa20f02175046ce ------","BOOKKEEPER-157"
"2012-02-01 12:58","tree cb13099af00a3c1145c5c438da9719087dc07266 ------","BOOKKEEPER-98"
"2012-02-01 12:06","tree eb0d55ddde8d5a721e80a972b23dd0628eb74726 ------","BOOKKEEPER-23"
"2012-01-18 15:11","tree a6996565bccf8e92200c75e1e03630737ad7ec4c ------","BOOKKEEPER-153"
"2012-01-18 13:09","tree e17276b1ecde9592bf1ac4a4209f1256fcebab7f ------","BOOKKEEPER-95"
"2012-01-17 16:52","tree 8187c27471a8edbc2602f76a136e0c30fa79a5d2 ------","BOOKKEEPER-150"
"2012-01-13 18:06","tree ae4c7445c876fb4cad1a5d352fd83632b7bcc3c7 ------","BOOKKEEPER-40"
"2012-01-11 15:46","tree 12742b9a0819527a0c37d7f7ac9ef343aed503d2 ------","BOOKKEEPER-148"
"2011-12-22 18:35","tree be4b1c194d6d82acfe62272e905cf5b3e1a05b65 ------","BOOKKEEPER-133"
"2011-12-21 17:43","tree 0bc707992820f86936e45d818023b629fd31b58b ------","BOOKKEEPER-140"
"2011-12-16 15:32","tree e58e2c4ad7e38e2b67a7a0a9b7685490f7eb17e0 ------","BOOKKEEPER-141"
"2011-12-16 12:43","tree 38676d52e0abd8db81a1445f862bb0ae3a501e3b ------","BOOKKEEPER-142"
"2011-12-02 20:58","tree 5ce62d86e1932970a9600465c5abe0cb61380b74 ------","BOOKKEEPER-139"
"2011-12-02 20:57","tree 4e9f8b741674f0f4d772ea92214a73ab4bbe4e6d ------","BOOKKEEPER-139"
"2011-12-02 20:55","tree af3b94b9dc80147d4d0f0a4d9661f19176f9932e ------","BOOKKEEPER-139"
"2011-12-02 20:33","tree 96f4b96cec08d0a2d7503e4aff89a2dd5d820009 ------","BOOKKEEPER-138"
"2011-12-02 20:25","tree 1e822dc243afd716bc38d092887936fc81d1092c ------","BOOKKEEPER-138"
"2011-12-01 23:26","tree 540305d2206f69c933ed158634efe7ae6b5b9b28 ------","BOOKKEEPER-134"
"2011-12-01 23:15","tree 894e974df086123f3a98c318da127114f347dedd ------","BOOKKEEPER-134"
"2011-12-01 22:08","tree 3f357f1b537084468c7c1d4fa089b76a375ad180 ------","BOOKKEEPER-131"
"2011-12-01 22:06","tree c64a6f2863f67e8335f5d88351b220e70504316a ------","BOOKKEEPER-131"
"2011-11-30 17:20","tree 540fc5e435cf024e2553df5152fb519ce5b88f90 ------","BOOKKEEPER-132"
"2011-11-30 17:18","tree 42ca1fb4433a7c53208f9396eb02a6340f4b8e8b ------","BOOKKEEPER-132"
"2011-11-30 16:42","tree d7b0aa7171f6dc6fe795c42180147f6fa8059070 ------","BOOKKEEPER-66"
"2011-11-30 16:38","tree 5190eaa98a9608654c659c0566772b3102d27a54 ------","BOOKKEEPER-66"
"2011-11-30 12:10","tree 31ddb16f50ab9cb8dc32842b2c83d358b7893e99 ------","BOOKKEEPER-130"
"2011-11-30 11:39","tree dafa3266fc0ccb0ee8a111bd35276ea7136ce0c1 ------","BOOKKEEPER-129"
"2011-11-30 11:07","tree 4dbd5b19f2ff3dca419a2df1a0c776d8bd08007c ------","BOOKKEEPER-128"
"2011-11-30 00:19","tree 5010e91a73f42866f2f61b78481364a29cd657da ------","BOOKKEEPER-111"
"2011-11-30 00:15","tree 48a33e1c3eb501af18f8db4d9fbcad24c3fb8181 ------","BOOKKEEPER-122"
"2011-11-29 23:55","tree 5ee6d31ea6c536877d86843ea312f6a840ef8c75 ------","BOOKKEEPER-122"
"2011-11-29 23:29","tree 3f6e697abc77860728c6f470ae4801c19b0f01b8 ------","BOOKKEEPER-120"
"2011-11-29 23:26","tree 65d113370aed67392287d4a1c091d61d615b3987 ------","BOOKKEEPER-127"
"2011-11-29 21:00","tree 487876cea5574567f3e0014d334c284d922bc165 ------","BOOKKEEPER-121"
"2011-11-29 18:46","tree 45a73dc014e8bbe0ef3c65d1faeaf36bb6efe497 ------","BOOKKEEPER-62"
"2011-11-29 18:45","tree 131f8eff123ec08e4a23132f13d1fe1b7a36ff98 ------","BOOKKEEPER-125"
"2011-11-29 10:05","tree 5ba3e3fabe4df89479eda55c18e59aa1c1a2cefe ------","BOOKKEEPER-124"
"2011-11-28 23:01","tree e5d72020b773d7e0543d59237dc2a61834de25e0 ------","BOOKKEEPER-53"
"2011-11-28 19:25","tree 5901519c151d210cb9b85e14c90c6a04ce19966d ------","BOOKKEEPER-39"
"2011-11-28 17:32","tree ee3e11674f089c041908b6c57603dde22f41b879 ------","BOOKKEEPER-119"
"2011-11-28 16:17","tree d311f6606c6c1988425d0310ebe0cfc679b487bd ------","BOOKKEEPER-117"
"2011-11-28 13:15","tree 2920872f290f68916d5de775c8c750e13fa8c640 ------","BOOKKEEPER-118"
"2011-11-21 11:32","tree a39ab0deaaceb7a00a7d3848c05daa9d5dfb97cc ------","BOOKKEEPER-79"
"2011-11-18 19:58","tree a15d39a8ede06d8438c9a02d6a292137743e7f29 ------","BOOKKEEPER-114"
"2011-11-18 19:06","tree 84c3c309401e856e80094a18567fa00e5a7ddf22 ------","BOOKKEEPER-115"
"2011-11-18 11:38","tree aec63797117c9a4e3cf887e8baf29afde42b3f18 ------","BOOKKEEPER-69"
"2011-11-18 11:18","tree 3857be4833cbc3c4535aae006cf1b464af97004c ------","BOOKKEEPER-108"
"2011-11-17 22:38","tree 45ffa9ef0a1f28601b4afe61b922c23d017cb04e ------","BOOKKEEPER-90"
"2011-11-17 15:00","tree 998f18c34c3392c72b18e388754c36b0418b4180 ------","BOOKKEEPER-87"
"2011-11-17 11:16","tree 0d70dd7f982582e6245b11ccbe958f8625e57478 ------","BOOKKEEPER-91"
"2011-11-17 09:59","tree 4cf23688f0979cc46f3319f03d6e6ab425bceb37 ------","BOOKKEEPER-81"
"2011-11-17 09:27","tree 9a39de5c227cac19f2df54778ae24b65c329ce76 ------","BOOKKEEPER-109"
"2011-11-16 19:01","tree bcd957787ef149e5e4347f9db049cfae3ff43966 ------","BOOKKEEPER-104"
"2011-11-16 17:05","tree 976230a9e589fcb66ef0f812255f368ec65c7a3a ------","BOOKKEEPER-10"
"2011-11-15 19:44","tree 7bbd830fdf13403c471835b715e34b51919a1f22 ------","BOOKKEEPER-106:	recoveryBookieDat"
"2011-11-15 19:42","tree 8d2a7d3f09d04d1a678b8043ddb4772989e566db ------","BOOKKEEPER-106"
"2011-11-11 11:24","tree 4333d2dc565dd6e7941e8ea432aca3d3b981b4c1 ------","BOOKKEEPER-82"
"2011-11-08 19:09","tree 1d669ad72d40860430659a408cadfbcf4a30245f ------","BOOKKEEPER-80"
"2011-11-08 18:58","tree 4c07339166b093a5568d55604b7abf46e5b6e4d8 ------","BOOKKEEPER-107"
"2011-11-04 11:46","tree 83183f42f4973e79f8f6e5aa1394fb130a4fd2ad ------","BOOKKEEPER-50"
"2011-11-04 11:24","tree 686adf4cc82523c5791020cfb14bfbde02608432 ------","BOOKKEEPER-102"
"2011-11-04 11:00","tree 4528ae4d66dedde1de286d1a2a9b80e190da020c ------","BOOKKEEPER-103"
"2011-10-28 15:36","tree e331eaef98b17c2d2dfac5bae89f1e47a1c5986c ------","BOOKKEEPER-71"
"2011-10-27 19:12","tree de782a046fca05c3b0f71b889571a4846b1aac1e ------","BOOKKEEPER-100"
"2011-10-27 18:53","tree 5e003fcc54e65e2a663bc0e8679f2b8da4729eaf ------","BOOKKEEPER-93"
"2011-10-27 18:26","tree 09c24a016b25e26d5c4aa969a0cc5dcbea768cf5 ------","BOOKKEEPER-89"
"2011-10-27 15:41","tree 46099bf70eed7bbbd7eda700f190f7d1c7b966a9 ------","BOOKKEEPER-83"
"2011-10-26 16:06","tree 63baeb6b53d53539f19c11359036c80bc167eb43 ------","BOOKKEEPER-94"
"2011-10-25 17:16","tree de627b596c6083f87c8507c9b7506ba7d69584bf ------","BOOKKEEPER-92"
"2011-10-24 11:40","tree f25ae505cc14d01ab93546925eb0426cfd7485b9 ------","BOOKKEEPER-88"
"2011-10-23 08:11","tree 2c9fdb3b5022314c06bbef50c487d7684da38bd0 ------","BOOKKEEPER-84"
"2011-10-18 20:14","tree 13608f4ef80431625eb1d7cc7ea43371ba1204e9 ------","BOOKKEEPER-86"
"2011-10-18 10:42","tree 11a0a214990a841b48a6190901d7b3228a85a20c ------","BOOKKEEPER-68"
"2011-10-17 23:39","tree 6677b16775badc3ab988d804d0195aff449038cf ------","BOOKKEEPER-65"
"2011-10-06 18:54","tree 41a4f6029f28cf7d3f68a2a0dd588712399225c3 ------","BOOKKEEPER-41"
"2011-09-16 16:55","tree c5d1428af4db94cf7518c7378550594f9ca7536a ------","BOOKKEEPER-59"
"2011-09-05 19:38","tree 424cf47eae8512a2db6e85aaeee915abac29d744 ------","BOOKKEEPER-26"
"2011-09-05 12:32","tree 6f143c0ce5fb4ed8a01d3a5f18f3137c5175a20f ------","BOOKKEEPER-63"
"2011-08-31 16:59","tree 2e45373249706750a9d6830c89bc7ae9b8bdf91e ------","BOOKKEEPER-57"
"2011-08-30 12:13","tree 24c1f3661384b1356cbe5965e84e2858a36c5b2c ------","BOOKKEEPER-52"
"2011-08-30 11:14","tree 185b336a481099c007b45f8b0f83e870d2714e49 ------","BOOKKEEPER-51"
"2011-08-30 10:34","tree f55e7dd4934f07df13225f14663137df62f7d903 ------","BOOKKEEPER-28"
"2011-08-29 19:34","tree e7b00acf05bc1b407637b3f1b45ce9029f60c424 ------","BOOKKEEPER-18"
"2011-08-29 19:33","tree 1b00c3b623d9a42345c5f6b76a313fa1d818eaa1 ------","BOOKKEEPER-58"
"2011-08-24 00:42","tree c1ec0c07d96bf8b2356a2e82f922320567130931 ------","BOOKKEEPER-44"
"2011-08-24 00:38","tree 8c665ad8a15c3a210618c9451c933ac121fc0393 ------","BOOKKEEPER-38"
"2011-08-24 00:34","tree 74d053c1ac237d90f25ab99327e4ff38d21c39fb ------","BOOKKEEPER-43"
"2011-08-11 21:37","tree 3de9e13d442b1201fda1c61bde405b37988236e6 ------","BOOKKEEPER-29"
"2011-08-11 20:36","tree 4bb3371e8d971a3b2ed3ef6436d838f4b0fc20a4 ------","BOOKKEEPER-33"
"2011-08-10 12:37","tree 4e247abfe54364ba6649b6a2cd55a8babb49a8dc ------","BOOKKEEPER-29"
"2011-07-31 01:58","tree 3f8220d69c996dc035cc0af8a9a8692ecc6e8352 ------","BOOKKEEPER-27"
"2011-07-28 20:33","tree afd8c973c666e86d37806854186c9984e4c2a421 ------","BOOKKEEPER-11"
"2011-07-12 12:36","tree deeae3351c848451fa62ccdf852effaf09f1cb05 ------","BOOKKEEPER-30"
"2011-07-07 16:37","tree 153b5521210ecc1a9bbd3c9f88e915b967195b41 ------","BOOKKEEPER-5"
"2011-06-06 17:49","tree 9c70be55c77cd3202672611a6699ef358ccbc619 ------","BOOKKEEPER-22"
"2011-05-25 11:41","tree 9438a536964baee6d05545f948e21af6cad3853a ------","BOOKKEEPER-1"
"2011-05-25 11:28","tree 50abb259caec1a7be8d7faf73176709f685bbe32 ------","BOOKKEEPER-1"
"2011-05-20 16:11","tree fe188288a822fa93210a0cc756793a5e72f4d45c ------","BOOKKEEPER-19"
